Name,Position,Salary
Stephen Strasburg,Starting Pitcher,35000000
Zack Greinke,Starting Pitcher,31500000
Clayton Kershaw,Starting Pitcher,31000000
David Price,Starting Pitcher,31000000
Max Scherzer,Starting Pitcher,30262705
Miguel Cabrera,1st Base,30000000
Yoenis Cespedes,Center Field,29000000
Albert Pujols,1st Base,28000000
Justin Verlander,Starting Pitcher,28000000
Felix Hernandez,Starting Pitcher,27000000
Giancarlo Stanton,Designated Hitter,26000000
Nolan Arenado,3rd Base,26000000
Jordan Zimmermann,Starting Pitcher,25000000
Joey Votto,1st Base,25000000
Jake Arrieta,Starting Pitcher,25000000
Robinson Cano,2nd Base,24000000
J.D. Martinez,Designated Hitter,23750000
Josh Donaldson,3rd Base,23000000
Jon Lester,Starting Pitcher,22500000
Masahiro Tanaka,Starting Pitcher,22000000
Buster Posey,Catcher,21400000
Dallas Keuchel,Starting Pitcher,21210000
Jacoby Ellsbury,Center Field,21142857
Freddie Freeman,1st Base,21000000
Shin-Soo Choo,Designated Hitter,21000000
Rick Porcello,Starting Pitcher,21000000
Johnny Cueto,Starting Pitcher,21000000
Charlie Blackmon,Right Field,21000000
Eric Hosmer,1st Base,20000000
Russell Martin,Catcher,20000000
Mookie Betts,Right Field,20000000
Edwin Encarnacion,Designated Hitter,20000000
Wei-Yin Chen,Relief Pitcher,20000000
Alex Gordon,Left Field,20000000
Jason Heyward,Right Field,20000000
Yu Darvish,Starting Pitcher,20000000
Cole Hamels,Starting Pitcher,20000000
Yadier Molina,Catcher,20000000
Kyle Seager,3rd Base,19000000
Anthony Rendon,3rd Base,18800000
Ryan Zimmerman,1st Base,18000000
Justin Upton,Left Field,18000000
Kenley Jansen,Relief Pitcher,18000000
Justin Turner,3rd Base,18000000
Rich Hill,Starting Pitcher,18000000
Jeff Samardzija,Starting Pitcher,18000000
Ryan Braun,Left Field,18000000
Wade Davis,Relief Pitcher,18000000
Hyun-Jin Ryu,Starting Pitcher,17900000
Chris Davis,1st Base,17000000
Nathan Eovaldi,Starting Pitcher,17000000
Carlos Santana,Designated Hitter,17000000
Corey Kluber,Starting Pitcher,17000000
J.A. Happ,Starting Pitcher,17000000
Khris Davis,Designated Hitter,16500000
Ian Kennedy,Relief Pitcher,16500000
Mike Trout,Center Field,16000000
Jose Abreu,Designated Hitter,16000000
Mike Leake,Starting Pitcher,16000000
Brandon Belt,1st Base,16000000
Yasmani Grandal,Catcher,16000000
Yasmany Tomas,Left Field,15500000
Danny Duffy,Starting Pitcher,15250000
Charlie Morton,Starting Pitcher,15000000
Elvis Andrus,Shortstop,15000000
Michael Brantley,Left Field,15000000
Dustin Pedroia,2nd Base,15000000
Chris Sale,Starting Pitcher,15000000
Martin Prado,1st Base,15000000
Brandon Crawford,Shortstop,15000000
Aroldis Chapman,Relief Pitcher,15000000
Lorenzo Cain,Center Field,15000000
Ian Desmond,Center Field,15000000
Jason Kipnis,2nd Base,14500000
Evan Longoria,3rd Base,14500000
Dexter Fowler,Center Field,14500000
Paul Goldschmidt,1st Base,14500000
Matt Carpenter,1st Base,14500000
Jean Segura,Shortstop,14250000
Nelson Cruz,Designated Hitter,14000000
Alex Cobb,Starting Pitcher,14000000
Mark Melancon,Relief Pitcher,14000000
Mark Trumbo,Designated Hitter,13500000
Gerrit Cole,Starting Pitcher,13500000
Andrelton Simmons,Shortstop,13000000
Jay Bruce,Right Field,13000000
Josh Reddick,Right Field,13000000
Dee Gordon,2nd Base,13000000
Trevor Bauer,Starting Pitcher,13000000
Zack Britton,Relief Pitcher,13000000
Jedd Gyorko,3rd Base,13000000
Kris Bryant,3rd Base,12900000
Zack Cozart,3rd Base,12666666
Patrick Corbin,Starting Pitcher,12500000
Tyler Chatwood,Relief Pitcher,12500000
Marcell Ozuna,Left Field,12250000
Marwin Gonzalez,Left Field,12000000
George Springer,Center Field,12000000
Xander Bogaerts,Shortstop,12000000
Madison Bumgarner,Starting Pitcher,12000000
Ben Zobrist,2nd Base,12000000
D.J. LeMahieu,2nd Base,12000000
Kendrys Morales,Designated Hitter,12000000
Didi Gregorius,Shortstop,11750000
Carlos Martinez,Relief Pitcher,11500000
Francisco Cervelli,Catcher,11500000
Andrew Miller,Relief Pitcher,11000000
Julio Teheran,Starting Pitcher,11000000
Matt Harvey,Starting Pitcher,11000000
Starlin Castro,2nd Base,11000000
Anthony Rizzo,1st Base,11000000
Francisco Lindor,Shortstop,10550000
Kole Calhoun,Right Field,10500000
Jose Quintana,Starting Pitcher,10500000
Manny Machado,3rd Base,10000000
Tanner Roark,Starting Pitcher,10000000
Bryce Harper,Right Field,10000000
Andrew McCutchen,Right Field,10000000
David Robertson,Relief Pitcher,10000000
Yulieski Gurriel,1st Base,10000000
Starling Marte,Center Field,10000000
Salvador Perez,Catcher,10000000
Craig Kimbrel,Relief Pitcher,10000000
Daniel Murphy,1st Base,10000000
Nick Castellanos,Right Field,9950000
Scooter Gennett,2nd Base,9775000
Carlos Carrasco,Starting Pitcher,9750000
Christian Yelich,Left Field,9750000
Yasiel Puig,Right Field,9700000
Alex Wood,Starting Pitcher,9650000
Jake Odorizzi,Starting Pitcher,9500000
Mike Minor,Starting Pitcher,9500000
Kevin Gausman,Starting Pitcher,9350000
Darren O'Day,Relief Pitcher,9000000
Brian Dozier,2nd Base,9000000
Trevor Cahill,Starting Pitcher,9000000
Juan Nicasio,Relief Pitcher,9000000
Tommy Hunter,Relief Pitcher,9000000
Todd Frazier,3rd Base,9000000
Juan Lagares,Center Field,9000000
Brandon Morrow,Relief Pitcher,9000000
James Paxton,Starting Pitcher,8575000
Jackie Bradley Jr.,Center Field,8550000
Jake McGee,Relief Pitcher,8500000
Bryan Shaw,Relief Pitcher,8500000
Cody Allen,Relief Pitcher,8500000
Ivan Nova,Starting Pitcher,8500000
Kelvin Herrera,Relief Pitcher,8500000
Corey Dickerson,Left Field,8500000
Adam Eaton,Right Field,8400000
Kyle Gibson,Starting Pitcher,8125000
Anthony Swarzak,Relief Pitcher,8000000
Anibal Sanchez,Starting Pitcher,8000000
Yonder Alonso,1st Base,8000000
Kevin Kiermaier,Center Field,8000000
Jason Castro,Catcher,8000000
Michael Pineda,Starting Pitcher,8000000
Andrew Cashner,Starting Pitcher,8000000
Lance Lynn,Starting Pitcher,8000000
Jason Vargas,Starting Pitcher,8000000
Joe Smith,Relief Pitcher,8000000
Yusei Kikuchi,Starting Pitcher,8000000
Justin Smoak,1st Base,8000000
Adam Ottavino,Relief Pitcher,8000000
C.C. Sabathia,Starting Pitcher,8000000
Miles Mikolas,Starting Pitcher,7750000
Cesar Hernandez,2nd Base,7750000
Brett Cecil,Relief Pitcher,7500000
Jonathan Schoop,2nd Base,7500000
Sonny Gray,Starting Pitcher,7500000
Rougned Odor,2nd Base,7500000
Chris Archer,Starting Pitcher,7500000
Brett Gardner,Left Field,7500000
Kyle Hendricks,Starting Pitcher,7405000
Marcus Stroman,Starting Pitcher,7400000
Alex Colome,Relief Pitcher,7325000
Welington Castillo,Catcher,7250000
Dellin Betances,Relief Pitcher,7250000
Michael Dunn,Relief Pitcher,7000000
Garrett Richards,Starting Pitcher,7000000
Yan Gomes,Catcher,7000000
Stephen Piscotty,Right Field,7000000
Eugenio Suarez,3rd Base,7000000
Drew Smyly,Relief Pitcher,7000000
Jacob deGrom,Starting Pitcher,7000000
David Peralta,Left Field,7000000
Randal Grichuk,Center Field,7000000
Mike Moustakas,3rd Base,7000000
Kolten Wong,2nd Base,6500000
Joakim Soria,Relief Pitcher,6500000
Jose Altuve,2nd Base,6500000
Roberto Osuna,Relief Pitcher,6500000
Mitch Moreland,1st Base,6500000
Brad Hand,Relief Pitcher,6500000
Derek Holland,Relief Pitcher,6500000
Steve Cishek,Relief Pitcher,6500000
Blake Treinen,Relief Pitcher,6400000
Michael Wacha,Relief Pitcher,6350000
Ken Giles,Relief Pitcher,6300000
Wilson Ramos,Catcher,6250000
Steven Pearce,1st Base,6250000
Pedro Strop,Relief Pitcher,6250000
Robbie Ray,Starting Pitcher,6050000
Sean Doolittle,Relief Pitcher,6000000
Trevor Rosenthal,Relief Pitcher,6000000
Michael Fiers,Starting Pitcher,6000000
Max Kepler,Center Field,6000000
Raisel Iglesias,Relief Pitcher,6000000
Jed Lowrie,2nd Base,6000000
Jeurys Familia,Relief Pitcher,6000000
Noah Syndergaard,Starting Pitcher,6000000
Eduardo Escobar,3rd Base,6000000
Aaron Hicks,Center Field,6000000
Jhoulys Chacin,Starting Pitcher,6000000
Chase Anderson,Relief Pitcher,6000000
Eric Thames,1st Base,6000000
Zack Wheeler,Starting Pitcher,5975000
Marcus Semien,Shortstop,5900000
J.T. Realmuto,Catcher,5900000
Collin McHugh,Relief Pitcher,5800000
Kevin Pillar,Center Field,5800000
Tyson Ross,Starting Pitcher,5750000
Pat Neshek,Relief Pitcher,5750000
Robinson Chirinos,Catcher,5750000
Yusmeiro Petit,Relief Pitcher,5500000
Gregory Polanco,Right Field,5500000
Mike Foltynewicz,Starting Pitcher,5475000
Jordy Mercer,Shortstop,5250000
Maikel Franco,3rd Base,5200000
Javier Baez,Shortstop,5200000
Corey Knebel,Relief Pitcher,5125000
Taijuan Walker,Starting Pitcher,5025000
Trevor Story,Shortstop,5000000
Ender Inciarte,Center Field,5000000
Joc Pederson,Left Field,5000000
Odubel Herrera,Center Field,5000000
Carlos Correa,Shortstop,5000000
Justin Wilson,Relief Pitcher,5000000
Eduardo Nunez,3rd Base,5000000
Sam Dyson,Relief Pitcher,5000000
Brandon Kintzler,Relief Pitcher,5000000
Jonathan Villar,2nd Base,4825000
Jake Lamb,1st Base,4825000
C.J. Cron,1st Base,4800000
Arodys Vizcaino,Relief Pitcher,4800000
Travis Shaw,3rd Base,4675000
Nate Jones,Relief Pitcher,4650000
Yolmer Sanchez,3rd Base,4625000
David Freese,1st Base,4500000
Wade Miley,Starting Pitcher,4500000
Hector Rondon,Relief Pitcher,4500000
Danny Salazar,Starting Pitcher,4500000
Mike Zunino,Catcher,4412500
Eduardo Rodriguez,Starting Pitcher,4300000
Alex Avila,Catcher,4250000
Billy Hamilton,Center Field,4250000
Will Harris,Relief Pitcher,4225000
Will Smith,Relief Pitcher,4225000
Carlos Rodon,Starting Pitcher,4200000
Eddie Rosario,Left Field,4190000
Steven Souza,Right Field,4125000
Tommy Pham,Center Field,4100000
Lance McCullers,Starting Pitcher,4100000
Michael Conforto,Right Field,4025000
Chris Iannetta,Catcher,4000000
Tyler Flowers,Catcher,4000000
Nick Markakis,Right Field,4000000
Howie Kendrick,Left Field,4000000
Kurt Suzuki,Catcher,4000000
Jon Jay,Right Field,4000000
Marco Estrada,Starting Pitcher,4000000
Shane Greene,Relief Pitcher,4000000
Yaisel Sierra,Starting Pitcher,4000000
Corey Seager,Shortstop,4000000
Jesse Chavez,Relief Pitcher,4000000
Aaron Nola,Starting Pitcher,4000000
Felipe Vazquez,Relief Pitcher,4000000
Jorge Soler,Designated Hitter,4000000
Freddy Galvis,Shortstop,4000000
Luis Severino,Starting Pitcher,4000000
Aaron Sanchez,Starting Pitcher,3900000
Joe Panik,2nd Base,3850000
Ian Kinsler,2nd Base,3750000
Wilmer Flores,2nd Base,3750000
Jose Ramirez,3rd Base,3750000
Trea Turner,Shortstop,3725000
Enrique Hernandez,Center Field,3725000
Tyler Skaggs,Starting Pitcher,3700000
Jimmy Nelson,Starting Pitcher,3700000
Nick Ahmed,Shortstop,3662500
Jurickson Profar,Shortstop,3600000
Jorge Polanco,Shortstop,3583333
Brock Holt,2nd Base,3575000
Avisail Garcia,Right Field,3500000
Martin Perez,Relief Pitcher,3500000
Chris Taylor,2nd Base,3500000
Asdrubal Cabrera,2nd Base,3500000
Jarrod Dyson,Center Field,3500000
Matt Shoemaker,Starting Pitcher,3500000
Tony Watson,Relief Pitcher,3500000
Brian Duensing,Relief Pitcher,3500000
Andrew Heaney,Starting Pitcher,3400000
Addison Russell,Shortstop,3400000
Kyle Schwarber,Left Field,3390000
Jonathan Lucroy,Catcher,3350000
Chad Bettis,Starting Pitcher,3325000
Nomar Mazara,Right Field,3300000
Michael Taylor,Center Field,3250000
Jeff Mathis,Catcher,3250000
Greg Holland,Relief Pitcher,3250000
Jose Urena,Starting Pitcher,3200000
Keone Kela,Relief Pitcher,3175000
Jeremy Jeffress,Relief Pitcher,3175000
Miguel Rojas,Shortstop,3155000
Sean Manaea,Starting Pitcher,3150000
Brad Peacock,Starting Pitcher,3110000
Kirby Yates,Relief Pitcher,3062500
Wil Myers,Left Field,3000000
Matt Adams,1st Base,3000000
Kenta Maeda,Starting Pitcher,3000000
Joe Kelly,Relief Pitcher,3000000
Adeiny Hechavarria,Shortstop,3000000
Jung Ho Kang,3rd Base,3000000
Yoshihisa Hirano,Relief Pitcher,3000000
Adam Jones,Center Field,3000000
Leonys Martin,Center Field,3000000
Clay Buchholz,Starting Pitcher,3000000
Clayton Richard,Starting Pitcher,3000000
Jon Gray,Starting Pitcher,2925000
Ryan Pressly,Relief Pitcher,2900000
Christian Vazquez,Catcher,2850000
Michael Fulmer,Starting Pitcher,2800000
Dylan Bundy,Starting Pitcher,2800000
Jose Peraza,Shortstop,2775000
Lonnie Chisenhall,Right Field,2750000
Matt Duffy,3rd Base,2675000
Miguel Sano,3rd Base,2650000
Tony Cingrani,Relief Pitcher,2650000
Tyler Anderson,Starting Pitcher,2625000
Steven Matz,Starting Pitcher,2625000
Zach Davies,Starting Pitcher,2600000
Matt Boyd,Starting Pitcher,2600000
Matt Albers,Relief Pitcher,2500000
Hernan Perez,2nd Base,2500000
Seung-Hwan Oh,Relief Pitcher,2500000
Justin Bour,1st Base,2500000
James McCann,Catcher,2500000
Matt Moore,Starting Pitcher,2500000
Tucker Barnhart,Catcher,2500000
David Hernandez,Relief Pitcher,2500000
Jose Iglesias,Shortstop,2500000
Shawn Kelley,Relief Pitcher,2500000
Sergio Romo,Relief Pitcher,2500000
Roberto Perez,Catcher,2500000
Oliver Perez,Relief Pitcher,2500000
Martin Maldonado,Catcher,2500000
David Phelps,Relief Pitcher,2500000
Sandy Leon,Catcher,2475000
Mike Montgomery,Relief Pitcher,2440000
Craig Stammen,Relief Pitcher,2250000
Chris Martin,Relief Pitcher,2250000
Jake Diekman,Relief Pitcher,2250000
Wily Peralta,Relief Pitcher,2250000
Vincent Velasquez,Relief Pitcher,2249000
Junior Guerra,Relief Pitcher,2225000
Jake Marisnick,Center Field,2212500
Brad Boxberger,Relief Pitcher,2200000
Liam Hendriks,Relief Pitcher,2150000
Mychal Givens,Relief Pitcher,2150000
Anthony DeSclafani,Starting Pitcher,2125000
Jared Hughes,Relief Pitcher,2125000
Pedro Baez,Relief Pitcher,2100000
Austin Hedges,Catcher,2060000
Mark Canha,Center Field,2050000
Jordan Lyles,Starting Pitcher,2050000
Gio Gonzalez,Starting Pitcher,2000000
Adam Wainwright,Starting Pitcher,2000000
Adam Warren,Relief Pitcher,2000000
Brian McCann,Catcher,2000000
Robbie Grossman,Designated Hitter,2000000
Josh Harrison,2nd Base,2000000
Derek Dietrich,2nd Base,2000000
Zach Duke,Relief Pitcher,2000000
Logan Forsythe,2nd Base,2000000
Shelby Miller,Starting Pitcher,2000000
Hunter Pence,Right Field,2000000
Edinson Volquez,Starting Pitcher,2000000
Hector Santiago,Relief Pitcher,2000000
Aledmys Diaz,Shortstop,2000000
Wade LeBlanc,Starting Pitcher,2000000
Neil Walker,1st Base,2000000
Merrill Kelly,Starting Pitcher,2000000
Ketel Marte,Center Field,2000000
Michael Lorenzen,Relief Pitcher,1950000
Domingo Santana,Right Field,1950000
Devon Travis,2nd Base,1950000
Andrew Chafin,Relief Pitcher,1945000
Jose Alvarez,Relief Pitcher,1925000
J.C. Ramirez,Starting Pitcher,1901000
Kazuhisa Makita,Relief Pitcher,1900000
Archie Bradley,Relief Pitcher,1830000
Blake Parker,Relief Pitcher,1800000
Hector Neris,Relief Pitcher,1800000
Francisco Liriano,Relief Pitcher,1800000
Austin Romine,Catcher,1800000
Cam Bedrosian,Relief Pitcher,1750000
Byron Buxton,Center Field,1750000
Tyler Thornburg,Relief Pitcher,1750000
Tim Beckham,3rd Base,1750000
Curtis Granderson,Left Field,1750000
Kyle Barraclough,Relief Pitcher,1725000
Chris Rusin,Relief Pitcher,1687500
Luis Garcia,Relief Pitcher,1675000
Brad Brach,Relief Pitcher,1650000
Daniel Winkler,Relief Pitcher,1610000
Manuel Pina,Catcher,1600000
Luis Avilan,Relief Pitcher,1600000
Matt Barnes,Relief Pitcher,1600000
Leury Garcia,Center Field,1550000
Taylor Rogers,Relief Pitcher,1525000
Chris Devenski,Relief Pitcher,1525000
Ryan Tepera,Relief Pitcher,1525000
Paul DeJong,Shortstop,1500000
Matt Wieters,Catcher,1500000
Jerry Blevins,Relief Pitcher,1500000
Brett Anderson,Starting Pitcher,1500000
Tyler Clippard,Relief Pitcher,1500000
Lourdes Gurriel Jr.,2nd Base,1500000
Daniel Hudson,Relief Pitcher,1500000
Drew Pomeranz,Starting Pitcher,1500000
Daniel Descalso,2nd Base,1500000
C.J. Edwards,Relief Pitcher,1500000
Robbie Erlin,Relief Pitcher,1450000
Hansel Robles,Relief Pitcher,1400000
Tim Anderson,Shortstop,1400000
Ryan Buchter,Relief Pitcher,1400000
Delino DeShields,Center Field,1400000
Cory Gearrin,Relief Pitcher,1400000
T.J. McFarland,Relief Pitcher,1400000
Charlie Culberson,2nd Base,1395000
Tommy Kahnle,Relief Pitcher,1387500
Steven Wright,Relief Pitcher,1375000
Tommy La Stella,2nd Base,1350000
Aaron Altherr,Right Field,1350000
Heath Hembree,Relief Pitcher,1312500
Scott Oberg,Relief Pitcher,1300000
Jeremy Hellickson,Relief Pitcher,1300000
Ehire Adrianza,Shortstop,1300000
Blaine Hardy,Relief Pitcher,1300000
Hunter Strickland,Relief Pitcher,1300000
Dan Otero,Relief Pitcher,1300000
Brandon Drury,3rd Base,1300000
Alexander Claudio,Relief Pitcher,1275000
Chaz Roe,Relief Pitcher,1275000
Daniel Norris,Starting Pitcher,1275000
Dominic Leone,Relief Pitcher,1260000
Nick Hundley,Catcher,1250000
Scott Kingery,Shortstop,1250000
Bryan Holaday,Catcher,1250000
Lucas Duda,1st Base,1250000
Aaron Loup,Relief Pitcher,1200000
Greg Bird,1st Base,1200000
Travis Jankowski,Right Field,1165000
Melky Cabrera,Left Field,1150000
Brandon Workman,Relief Pitcher,1150000
Kevin Plawecki,Catcher,1137500
Adam Conley,Relief Pitcher,1125000
Adam Morgan,Relief Pitcher,1100000
Caleb Joseph,Catcher,1100000
Nicholas Tropeano,Starting Pitcher,1075000
Josh Phegley,Catcher,1075000
Jay Jackson,Relief Pitcher,1000000
German Marquez,Starting Pitcher,1000000
Mark Reynolds,1st Base,1000000
Jose Martinez,1st Base,1000000
Ronald Acuna,Left Field,1000000
Ozzie Albies,2nd Base,1000000
Matt Joyce,Left Field,1000000
Josh Tomlin,Relief Pitcher,1000000
Joe Ross,Starting Pitcher,1000000
Tony Sipp,Relief Pitcher,1000000
Eloy Jimenez,Outfielders,1000000
Chris Herrmann,Catcher,1000000
Blake Snell,Starting Pitcher,1000000
Brandon Lowe,2nd Base,1000000
A.J. Pollock,Center Field,1000000
Jose Leclerc,Relief Pitcher,1000000
Neil Ramirez,Relief Pitcher,1000000
Whit Merrifield,2nd Base,1000000
Jerad Eickhoff,Relief Pitcher,975000
Tony Wolters,Catcher,960000
Curt Casali,Catcher,950000
Matt Andriese,Relief Pitcher,920000
Greg Garcia,2nd Base,910000
Roenis Elias,Relief Pitcher,910000
Blake Swihart,Catcher,910000
Jake Petricka,Relief Pitcher,900000
Trevor May,Relief Pitcher,900000
Marco Gonzales,Starting Pitcher,900000
John Ryan Murphy,Catcher,900000
Joseph Biagini,Relief Pitcher,900000
Xavier Cedeno,Relief Pitcher,900000
Tyler Saladino,Shortstop,887500
Ryan Dull,Relief Pitcher,860000
Ji-Man Choi,1st Base,850000
Jesus Sucre,Catcher,850000
Michael Feliz,Relief Pitcher,850000
Cheslor Cuthbert,Designated Hitter,850000
Tim Collins,Relief Pitcher,850000
Ronald Torreyes,2nd Base,800000
Nate Karns,Starting Pitcher,800000
Brian Flynn,Relief Pitcher,800000
Jesse Hahn,Starting Pitcher,800000
Guillermo Heredia,Center Field,782000
Alex Wilson,Relief Pitcher,750000
Tony Barnette,Relief Pitcher,750000
Andrew Benintendi,Left Field,717500
Yimi Garcia,Relief Pitcher,710000
Gordon Beckham,2nd Base,700000
J.B. Shuck,Left Field,700000
Josh Hader,Relief Pitcher,687600
Aaron Judge,Right Field,684300
Willson Contreras,Catcher,684000
Nick Goody,Relief Pitcher,675000
Niko Goodrum,2nd Base,670500
Gary Sanchez,Catcher,669800
Shohei Ohtani,Designated Hitter,650000
Richard Rodriguez,Relief Pitcher,650000
Scott Barlow,Pitchers,650000
Terrance Gore,Center Field,650000
Allen Webster,Starting Pitcher,650000
Cody Anderson,Starting Pitcher,641250
Alex Bregman,3rd Base,640500
Jesus Aguilar,1st Base,637500
Scott Schebler,Center Field,625000
Jose Berrios,Starting Pitcher,620000
Miguel Andujar,3rd Base,617600
Albert Almora,Center Field,615500
Rafael Devers,3rd Base,614500
Zack Godley,Starting Pitcher,609400
Edwin Diaz,Relief Pitcher,607425
Joey Gallo,Left Field,605500
Gleyber Torres,Shortstop,605200
Cody Bellinger,Right Field,605000
Chad Green,Relief Pitcher,598650
Brandon Nimmo,Center Field,598285
Nick Pivetta,Starting Pitcher,598000
Jordan Montgomery,Starting Pitcher,596600
Ross Stripling,Starting Pitcher,595000
Justin Miller,Relief Pitcher,593200
Mike Clevinger,Starting Pitcher,592200
Seth Lugo,Relief Pitcher,591875
Max Stassi,Catcher,590100
Mitch Haniger,Right Field,590100
Zach Eflin,Starting Pitcher,590000
Jameson Taillon,Starting Pitcher,587500
Josh Bell,1st Base,587000
Grant Dayton,Relief Pitcher,585000
Luke Jackson,Relief Pitcher,585000
Dansby Swanson,Shortstop,585000
Brian Anderson,3rd Base,585000
Pat Venditte,Relief Pitcher,585000
Adam Frazier,2nd Base,584000
Trevor Williams,Starting Pitcher,584000
Tony Kemp,Left Field,583600
Brian Goodwin,Right Field,583500
Tyler White,Designated Hitter,582900
Robert Gsellman,Relief Pitcher,582500
Joe Musgrove,Starting Pitcher,582500
Hunter Renfroe,Right Field,582100
Matthew Strahm,Starting Pitcher,581700
Kyle Crick,Relief Pitcher,581500
Edgar Santana,Relief Pitcher,581500
Luke Weaver,Starting Pitcher,581300
Omar Narvaez,Catcher,581200
Wilmer Difo,Shortstop,581100
Jonathan Holder,Relief Pitcher,580300
Reynaldo Lopez,Starting Pitcher,580000
Matt Chapman,3rd Base,580000
Jesse Winker,Left Field,580000
Ryon Healy,1st Base,579800
Colin Moran,3rd Base,579500
Sam Gaviglio,Relief Pitcher,579500
Luke Maile,Catcher,579000
Luis Cessa,Relief Pitcher,578975
Teoscar Hernandez,Left Field,578600
Elias Diaz,Catcher,578500
Mallex Smith,Left Field,578400
Harrison Bader,Right Field,578300
Juan Soto,Left Field,578300
Jake Junis,Starting Pitcher,578250
Kevin McCarthy,Relief Pitcher,578250
Brad Keller,Starting Pitcher,578175
Hanser Alberto,Shortstop,578000
Chad Kuhl,Starting Pitcher,578000
Ryan Brasier,Relief Pitcher,577500
Domingo German,Starting Pitcher,577500
Manuel Margot,Center Field,577100
Erik Gonzalez,2nd Base,577000
Matt Grace,Relief Pitcher,576400
Adalberto Mondesi,Shortstop,576000
Jose Pirela,2nd Base,575500
Trey Mancini,Left Field,575500
Amed Rosario,Shortstop,575500
Johan Camargo,3rd Base,575000
Shane Carle,Relief Pitcher,575000
A.J. Minter,Relief Pitcher,575000
Sean Newcomb,Starting Pitcher,575000
Luke Bard,Relief Pitcher,575000
Yoan Moncada,2nd Base,575000
Matt Olson,1st Base,575000
Mitch Garver,Catcher,575000
Dan Straily,Relief Pitcher,575000
Scott Alexander,Relief Pitcher,575000
Austin Barnes,Catcher,575000
Max Muncy,1st Base,575000
Rhys Hoskins,Left Field,575000
Nick Williams,Right Field,575000
Brian Johnson,Relief Pitcher,575000
Drew Steckenrider,Relief Pitcher,575000
Jesse Biddle,Relief Pitcher,575000
Brandon Brennan,Relief Pitcher,575000
Kendall Graveman,Starting Pitcher,575000
Tyler Naquin,Right Field,574800
Silvino Bracho,Relief Pitcher,574600
Mikie Mahtook,Center Field,574500
Steven Brault,Relief Pitcher,574500
Edubray Ramos,Relief Pitcher,573500
Jose Osuna,1st Base,573500
Luke Voit,1st Base,573200
Tim Hill,Relief Pitcher,573175
Lucas Giolito,Starting Pitcher,573000
Kevan Smith,Catcher,572500
Jake Cave,Right Field,572500
Trevor Hildenberger,Relief Pitcher,572500
Richard Bleier,Relief Pitcher,572500
Tyler Wade,2nd Base,572000
Keon Broxton,Right Field,571765
John Gant,Relief Pitcher,571300
Dylan Covey,Relief Pitcher,571000
Adam Engel,Center Field,571000
Buck Farmer,Relief Pitcher,570800
Franmil Reyes,Right Field,570500
Max Moroff,2nd Base,570500
Joe Wendle,2nd Base,570400
Daniel Robertson,Shortstop,570300
Matt Wisler,Relief Pitcher,570000
Joey Rickard,Left Field,570000
Walker Buehler,Starting Pitcher,570000
Tyler Mahle,Starting Pitcher,570000
Wandy Peralta,Relief Pitcher,570000
Jorge Alfaro,Catcher,570000
Lewis Brinson,Center Field,570000
Trevor Richards,Starting Pitcher,570000
Ronald Guzman,1st Base,569500
Isiah Kiner-Falefa,3rd Base,569500
Victor Caratini,Catcher,569500
John Brebbia,Relief Pitcher,569300
Joe Jimenez,Relief Pitcher,569200
Felix Pena,Starting Pitcher,569000
Noe Ramirez,Relief Pitcher,569000
Jace Fry,Relief Pitcher,569000
Miguel Castro,Relief Pitcher,569000
Nick Kingham,Relief Pitcher,569000
Dovydas Neverauskas,Relief Pitcher,569000
Sam Tuivailala,Relief Pitcher,568600
Tyler Austin,1st Base,568600
Hector Velazquez,Relief Pitcher,568500
Brent Suter,Starting Pitcher,568300
Tim Mayza,Relief Pitcher,568300
Eric Skoglund,Starting Pitcher,568175
Jeff McNeil,2nd Base,567714
Ben Gamel,Left Field,567700
Jacob Barnes,Relief Pitcher,567600
Matt Koch,Relief Pitcher,567600
Amir Garrett,Relief Pitcher,567500
Mike Wright,Starting Pitcher,567500
Trevor Gott,Relief Pitcher,567500
Reyes Moronta,Relief Pitcher,567500
Drew VerHagen,Relief Pitcher,567400
Hunter Dozier,3rd Base,567225
John Hicks,Catcher,567100
Jacoby Jones,Center Field,567100
Daniel Palka,Left Field,567000
Josh James,Relief Pitcher,566800
Dinelson Lamet,Starting Pitcher,566700
Tyler Glasnow,Starting Pitcher,566700
Daniel Stumpf,Relief Pitcher,566600
Framber Valdez,Relief Pitcher,566600
Oliver Drake,Relief Pitcher,566100
Orlando Arcia,Shortstop,565700
Pablo Reyes,Left Field,565500
Ryan Borucki,Starting Pitcher,565200
Joey Lucchesi,Starting Pitcher,565100
Kyle Freeland,Starting Pitcher,565000
Max Fried,Starting Pitcher,565000
Wes Parsons,Relief Pitcher,565000
Chad Sobotka,Relief Pitcher,565000
Bryse Wilson,Starting Pitcher,565000
Kyle Wright,Starting Pitcher,565000
Chris Bassitt,Starting Pitcher,565000
Jharel Cotton,Starting Pitcher,565000
Chad Pinder,Left Field,565000
Dylan Floro,Relief Pitcher,565000
Brock Stewart,Relief Pitcher,565000
Julio Urias,Starting Pitcher,565000
Robert Stephenson,Relief Pitcher,565000
Andrew Knapp,Catcher,565000
Tayron Guerrero,Relief Pitcher,565000
Dylan Moore,Shortstop,565000
Alexander Reyes,Relief Pitcher,564600
Freddy Peralta,Starting Pitcher,564600
Jordan Luplow,Left Field,564500
Koda Glover,Relief Pitcher,564300
Ryne Stanek,Relief Pitcher,564200
Drew Robinson,Left Field,564100
Tyler O'Neill,Outfielders,564000
Seranthony Dominguez,Relief Pitcher,564000
Marco Hernandez,3rd Base,564000
Jacob Stallings,Catcher,564000
Randy Rosario,Relief Pitcher,564000
Taylor Williams,Relief Pitcher,563800
Adam Cimber,Relief Pitcher,563800
Mike Mayers,Relief Pitcher,563700
Jaime Barria,Starting Pitcher,563500
Keynan Middleton,Relief Pitcher,563500
David Hess,Starting Pitcher,563500
Pedro Severino,Catcher,563500
Ryan Yarbrough,Starting Pitcher,563400
Clint Frazier,Outfielders,563300
Phil Maton,Relief Pitcher,562900
Kyle Higashioka,Catcher,562900
Corbin Burnes,Starting Pitcher,562800
Dalton Pompey,Center Field,562800
Eric Lauer,Starting Pitcher,562500
Wander Suero,Relief Pitcher,562500
Willy Adames,Shortstop,562400
Chasen Bradford,Relief Pitcher,562300
Jorge Lopez,Relief Pitcher,562250
Jack Flaherty,Starting Pitcher,562100
Yairo Munoz,Shortstop,562000
Renato Nunez,3rd Base,562000
Richard Urena,Shortstop,562000
Yonny Chirinos,Starting Pitcher,561800
Justin Anderson,Relief Pitcher,561500
David Fletcher,2nd Base,561500
Diego Castillo,Relief Pitcher,561500
David Bote,3rd Base,561500
J.D. Davis,3rd Base,561420
Brandon Woodruff,Starting Pitcher,561400
Dereck Rodriguez,Starting Pitcher,561250
Bradley Zimmer,Center Field,561200
Socrates Brito,Left Field,561000
Tyler Olson,Relief Pitcher,560900
Adam Kolarek,Relief Pitcher,560800
Jonathan Loaisiga,Starting Pitcher,560550
Miguel Diaz,Relief Pitcher,560400
Wilmer Font,Relief Pitcher,560400
Greg Allen,Center Field,560400
Jake Bauers,1st Base,560400
Jose Castillo,Relief Pitcher,560300
Franchy Cordero,Outfielders,560100
Dwight Smith Jr.,Right Field,560100
Thomas Pannone,Relief Pitcher,560100
David Dahl,Left Field,560000
Ryan McMahon,2nd Base,560000
Antonio Senzatela,Starting Pitcher,560000
Raimel Tapia,Center Field,560000
Jose Rondon,2nd Base,560000
Aaron Brooks,Starting Pitcher,560000
Daniel Gossett,Starting Pitcher,560000
Frankie Montas,Starting Pitcher,560000
Willians Astudillo,Catcher,560000
Matt Magill,Starting Pitcher,560000
Adalberto Mejia,Relief Pitcher,560000
Gabriel Moya,Relief Pitcher,560000
Caleb Ferguson,Relief Pitcher,560000
Alex Verdugo,Left Field,560000
Rosell Herrera,Right Field,560000
J.T. Riddle,Shortstop,560000
Carson Kelly,Catcher,560000
Robert Stock,Relief Pitcher,559900
Christian Walker,1st Base,559800
Shane Bieber,Starting Pitcher,559600
Derek Fisher,Right Field,559400
Billy McKinney,Outfielders,559400
Dominic Smith,1st Base,559320
Nick Rumbelow,Relief Pitcher,559300
Dakota Hudson,Starting Pitcher,559100
Andrew Stevenson,Outfielders,559100
Victor Alcantara,Relief Pitcher,559100
Shawn Armstrong,Relief Pitcher,559100
Manny Banuelos,Relief Pitcher,559000
Paul Fry,Relief Pitcher,559000
Jimmy Yacabonis,Relief Pitcher,559000
Roman Quinn,Center Field,559000
Nick Burdi,Relief Pitcher,559000
Danny Jansen,Catcher,558700
Grayson Greiner,Catcher,558600
Dan Vogelbach,1st Base,558600
Rio Ruiz,3rd Base,558500
Sam Travis,1st Base,558500
Bobby Wahl,Relief Pitcher,558400
Yandy Diaz,3rd Base,558400
Steven Duggar,Center Field,558125
Jose De Leon,Relief Pitcher,558000
Austin Wynns,Catcher,558000
Yohander Mendez,Starting Pitcher,558000
Victor Robles,Outfielders,557800
Ryan O'Hearn,1st Base,557650
Taylor Cole,Relief Pitcher,557500
Ramon Laureano,Outfielders,557500
Nick Martini,Right Field,557500
Lou Trivino,Relief Pitcher,557500
J.B. Wendelken,Relief Pitcher,557500
Cedric Mullins,Center Field,557500
Alex Blandino,3rd Base,557500
Luis Castillo,Starting Pitcher,557500
Kyle Farmer,Catcher,557500
Drew Smith,Relief Pitcher,557500
Kevin Newman,Shortstop,557500
Tom Murphy,Catcher,557500
Michael Reed,Left Field,557500
Austin Meadows,Center Field,557400
Ty Buttrey,Relief Pitcher,557250
Stephen Tarpley,Relief Pitcher,557250
Trey Wingenter,Relief Pitcher,557200
Cameron Gallagher,Catcher,557125
Garrett Hampson,2nd Base,557000
D.J. Johnson,Relief Pitcher,557000
Harrison Musgrave,Relief Pitcher,557000
Pedro Araujo,Relief Pitcher,557000
Jeffrey Springs,Relief Pitcher,557000
Colten Brewer,Relief Pitcher,557000
Mike Tauchman,Center Field,557000
Yoan Lopez,Relief Pitcher,556900
Jacob Nix,Starting Pitcher,556800
Anthony Banda,Relief Pitcher,556800
Chance Adams,Starting Pitcher,556725
Michael Perez,Catcher,556700
Michael Hermosillo,Center Field,556500
Jalen Beeks,Relief Pitcher,556500
Caleb Smith,Starting Pitcher,556500
Mark Zagunis,Left Field,556500
Luis Urias,Shortstop,556400
Christin Stewart,Left Field,556400
Francisco Mejia,Catcher,556300
Tomas Nido,Catcher,556300
Spencer Turnbull,Starting Pitcher,556100
Brett Kennedy,Starting Pitcher,556000
Ryan Burr,Relief Pitcher,556000
Ian Hamilton,Relief Pitcher,556000
Connor Sadzeck,Relief Pitcher,556000
Luis Guillorme,Shortstop,555960
Jon Edwards,Relief Pitcher,555900
John Means,Relief Pitcher,555500
Matt Festa,Relief Pitcher,555500
Trevor Oaks,Starting Pitcher,555350
Gerson Bautista,Starting Pitcher,555200
Justin Williams,Outfielders,555100
Dillon Maples,Relief Pitcher,555000
Trent Thornton,Starting Pitcher,555000
Alec Mills,Relief Pitcher,555000
Jake Barrett,Relief Pitcher,555000
Jacob Waguespack,Pitchers,555000
James Norwood,Relief Pitcher,555000
Nestor Cortes,Relief Pitcher,555000
Kyle Ryan,Relief Pitcher,555000
Thairo Estrada,2nd Base,555000
Mike Ford,1st Base,555000
David Hale,Relief Pitcher,555000
Rowan Wick,Relief Pitcher,555000
Joe Harvey,Relief Pitcher,555000
Ben Heller,Relief Pitcher,555000
Cameron Maybin,Right Field,555000
Troy Tulowitzki,Shortstop,555000
Giovanny Urshela,3rd Base,555000
Yency Almonte,Relief Pitcher,555000
Drew Butera,Catcher,555000
Noel Cuevas,Right Field,555000
Yonathan Daza,Right Field,555000
Jairo Diaz,Relief Pitcher,555000
Genesis Cabrera,Starting Pitcher,555000
Phillip Diehl,Pitchers,555000
Tommy Edman,Shortstop,555000
Carlos Estevez,Relief Pitcher,555000
Josh Fuentes,1st Base,555000
Donnie Hart,Relief Pitcher,555000
Giovanny Gallegos,Relief Pitcher,555000
Keston Hiura,2nd Base,555000
Adrian Houser,Starting Pitcher,555000
Jeff Hoffman,Starting Pitcher,555000
Jacob Nottingham,Catcher,555000
Peter Lambert,Starting Pitcher,555000
Burch Smith,Relief Pitcher,555000
Ryan Helsley,Pitchers,555000
Jordan Hicks,Relief Pitcher,555000
Andrew Knizner,Catcher,555000
Brendan Rodgers,Shortstop,555000
Daniel Poncedeleon,Relief Pitcher,555000
Jesus Tinoco,Relief Pitcher,555000
Aaron Wilkerson,Starting Pitcher,555000
Pat Valaika,Shortstop,555000
Lane Thomas,Center Field,555000
Tyler Webb,Relief Pitcher,555000
Alex Jackson,Catcher,555000
Austin Allen,Catcher,555000
James Bourque,Pitchers,555000
Austin Riley,3rd Base,555000
Pedro Avila,Starting Pitcher,555000
Erick Fedde,Starting Pitcher,555000
Michael Soroka,Starting Pitcher,555000
Javy Guerra,Relief Pitcher,555000
Touki Toussaint,Relief Pitcher,555000
Ty France,3rd Base,555000
Jacob Webb,Relief Pitcher,555000
Carter Kieboom,Shortstop,555000
Nick Margevicius,Pitchers,555000
Josh Naylor,1st Base,555000
Kyle McGowin,Starting Pitcher,555000
Chris Paddack,Starting Pitcher,555000
Jake Noll,2nd Base,555000
Luis Perdomo,Starting Pitcher,555000
Gerardo Parra,Right Field,555000
Cal Quantrill,Pitchers,555000
Tanner Rainey,Pitchers,555000
Griffin Canning,Starting Pitcher,555000
Gerardo Reyes,Relief Pitcher,555000
John Curtiss,Relief Pitcher,555000
Fernando Tatis Jr.,Shortstop,555000
Adrian Sanchez,2nd Base,555000
Sam Freeman,Relief Pitcher,555000
Dustin Garneau,Catcher,555000
Brad Wieck,Relief Pitcher,555000
Austen Williams,Relief Pitcher,555000
Jake Jewell,Relief Pitcher,555000
Dillon Peters,Starting Pitcher,555000
Cesar Puello,Right Field,555000
Luis Rengifo,Shortstop,555000
Aaron Bummer,Relief Pitcher,555000
Jose Suarez,Starting Pitcher,555000
Wilfredo Tovar,Shortstop,555000
Ryan Cordell,Left Field,555000
Jared Walsh,Relief Pitcher,555000
Taylor Ward,3rd Base,555000
Odrisamer Despaigne,Relief Pitcher,555000
Caleb Frare,Relief Pitcher,555000
Tanner Anderson,Relief Pitcher,555000
Carson Fulmer,Starting Pitcher,555000
Michael Kopech,Starting Pitcher,555000
Paul Blackburn,Starting Pitcher,555000
Evan Marshall,Relief Pitcher,555000
Skye Bolt,Center Field,555000
Juan Minaya,Relief Pitcher,555000
Josh Osich,Relief Pitcher,555000
Jose Ruiz,Relief Pitcher,555000
Daniel Mengden,Starting Pitcher,555000
Charlie Tilson,Center Field,555000
Beau Taylor,Catcher,555000
Thyago Vieira,Relief Pitcher,555000
Jose Alvarado,Relief Pitcher,555000
Seby Zavala,Catcher,555000
Wei-Chung Wang,Relief Pitcher,555000
Christian Arroyo,Shortstop,555000
Luis Arraez,2nd Base,555000
Anthony Bemboom,Catcher,555000
Chase De Jong,Starting Pitcher,555000
Nick Ciuffo,Catcher,555000
Tyler Duffey,Relief Pitcher,555000
Travis d'Arnaud,Catcher,555000
Ryan Eades,Pitchers,555000
Jacob Faria,Starting Pitcher,555000
Austin Adams,Relief Pitcher,555000
Ryne Harper,Relief Pitcher,555000
Nate Lowe,1st Base,555000
Sandy Baez,Relief Pitcher,555000
Zack Littell,Relief Pitcher,555000
Jeimer Candelario,3rd Base,555000
Mike Morin,Relief Pitcher,555000
Ryan Carpenter,Starting Pitcher,555000
Fernando Romero,Starting Pitcher,555000
Emilio Pagan,Relief Pitcher,555000
Devin Smeltzer,Pitchers,555000
Colin Poche,Pitchers,555000
Harold Castro,3rd Base,555000
Kohl Stewart,Starting Pitcher,555000
Austin Pruitt,Starting Pitcher,555000
Brandon Dixon,1st Base,555000
Casey Sadler,Relief Pitcher,555000
Jose Fernandez,Relief Pitcher,555000
Andrew Vasquez,Relief Pitcher,555000
Reed Garrett,Relief Pitcher,555000
Matt Hall,Relief Pitcher,555000
Andrew Velazquez,Shortstop,555000
Eduardo Jimenez,Relief Pitcher,555000
Hunter Wood,Relief Pitcher,555000
Dawel Lugo,Shortstop,555000
Branden Kline,Starting Pitcher,555000
Dustin Peterson,Right Field,555000
Josh Lucas,Relief Pitcher,555000
