created_at,handle,mined_at,retweet_count,text,tweet_id
Wed Oct 23 19:01:02 +0000 2019,Donald J. Trump,2019-10-23 14:22:27.817952,3967,"It would be really great if the people within the Trump Administration, all well-meaning and good (I hope!), could… https://t.co/R0cbyiJHmb",1187081515051601920
Wed Oct 23 18:58:44 +0000 2019,Donald J. Trump,2019-10-23 14:22:27.817960,2132,"....Does anybody think this is fair? Even though there was no quid pro quo, I’m sure they would like to try. Worse than the Dems!",1187080935373713408
Wed Oct 23 18:58:41 +0000 2019,Donald J. Trump,2019-10-23 14:22:27.817961,3077,"Never Trumper Republican John Bellinger, represents Never Trumper Diplomat Bill Taylor (who I don’t know), in testi… https://t.co/sWQXL60oqG",1187080923961012228
Wed Oct 23 17:48:40 +0000 2019,Donald J. Trump,2019-10-23 14:22:27.817962,11152,"The Never Trumper Republicans, though on respirators with not many left, are in certain ways worse and more dangero… https://t.co/xYkUiEWRuN",1187063301731209220
Wed Oct 23 16:35:23 +0000 2019,Donald J. Trump,2019-10-23 14:22:27.817963,8762,Thank you General Mazloum for your kind words and courage. Please extend my warmest regards to the Kurdish people.… https://t.co/87Ai6xndRw,1187044861725286400
Wed Oct 23 16:06:00 +0000 2019,Donald J. Trump,2019-10-23 14:22:27.817965,6863,https://t.co/7Ud0WLyo4g,1187037466261446656
Wed Oct 23 12:40:13 +0000 2019,Donald J. Trump,2019-10-23 14:22:27.817966,19827,Where’s the Whistleblower?,1186985677176655872
Wed Oct 23 12:39:20 +0000 2019,Donald J. Trump,2019-10-23 14:22:27.817967,17724,Big success on the Turkey/Syria Border. Safe Zone created! Ceasefire has held and combat missions have ended. Kurds… https://t.co/GPmce2penO,1186985455058898945
Wed Oct 23 12:29:22 +0000 2019,Donald J. Trump,2019-10-23 14:22:27.817968,8995,....feel EMPOWERED. There’s a movement happening on these campuses like I’ve never seen before. When you have 3000… https://t.co/VK03WZAKr8,1186982949180317697
Wed Oct 23 12:29:22 +0000 2019,Donald J. Trump,2019-10-23 14:22:27.817969,8552,....Order a couple of months ago saying that any school that does not uphold the First Amendment Rights of its stud… https://t.co/4Eec07cqxN,1186982948404449280
Wed Oct 23 12:29:22 +0000 2019,Donald J. Trump,2019-10-23 14:22:27.817970,13734,Young campus Conservatives are flocking to Turning Point USA &amp; other Conservative speaker events all over the Count… https://t.co/Kcevkl2ayD,1186982946336624640
Wed Oct 23 11:36:27 +0000 2019,Donald J. Trump,2019-10-23 14:22:27.817971,16182,Republicans are going to fight harder than ever to win back the House because of what the Do Nothing Democrats have done to our Country!,1186969632944611335
Wed Oct 23 11:32:16 +0000 2019,Donald J. Trump,2019-10-23 14:22:27.817972,14384,Neither he (Taylor) or any other witness has provided testimony that the Ukrainians were aware that military aid wa… https://t.co/hWjKgcVDz2,1186968579125792768
Wed Oct 23 10:56:02 +0000 2019,Donald J. Trump,2019-10-23 14:22:27.817973,9679,It never ends. The Do Nothing Dems are terrible! https://t.co/l7Qk0WU8ML,1186959459878350848
Wed Oct 23 04:15:14 +0000 2019,Donald J. Trump,2019-10-23 14:22:27.817975,7384,Thank you Steve! https://t.co/ROfsFdSGZO,1186858593364172800
Wed Oct 23 04:10:38 +0000 2019,Donald J. Trump,2019-10-23 14:22:27.817976,9071,The Democrats Scam goes on and on! They Do Nothing! https://t.co/4ER1m6e39s,1186857437657214976
Wed Oct 23 04:08:35 +0000 2019,Donald J. Trump,2019-10-23 14:22:27.817977,9799,The Witch Hunt continues! https://t.co/pBzhZfJEYb,1186856923636948993
Wed Oct 23 04:07:07 +0000 2019,Donald J. Trump,2019-10-23 14:22:27.817978,9517,The Do Nothing Dems have nothing but time! https://t.co/g9wsBfk16W,1186856554055852035
Wed Oct 23 03:43:38 +0000 2019,Donald J. Trump,2019-10-23 14:22:27.817979,14275,"Wrong, never even discussed this with Kellyanne Conway or Steve Mnuchin. Just more Fake News! https://t.co/bgR8TnytjJ",1186850642901557248
Tue Oct 22 22:18:29 +0000 2019,Donald J. Trump,2019-10-23 14:22:27.817980,20775,"Good news seems to be happening with respect to Turkey, Syria and the Middle East. Further reports to come later!",1186768817822806016
Tue Oct 22 14:06:55 +0000 2019,Donald J. Trump,2019-10-23 14:22:27.817981,10397,Great Job Tim! https://t.co/WhgO67CfKP,1186645111154847746
Tue Oct 22 13:41:53 +0000 2019,Donald J. Trump,2019-10-23 14:22:27.817982,15502,“The Democrats are trying to draw out this inquiry because they don’t have the support. Donald Trump is guilty only… https://t.co/ehoKmcYJlV,1186638807984230403
Tue Oct 22 13:28:19 +0000 2019,Donald J. Trump,2019-10-23 14:22:27.817984,20182,"Can’t believe that Nervous Nancy Pelosi isn’t moving faster on USMCA. Her people want it, they don’t know why she i… https://t.co/RIjzWXlUGN",1186635396567961601
Tue Oct 22 11:57:09 +0000 2019,Donald J. Trump,2019-10-23 14:22:27.817985,21942,95% Approval Rating in the Republican Party. Thank you!,1186612453368651777
Tue Oct 22 11:54:36 +0000 2019,Donald J. Trump,2019-10-23 14:22:27.817986,17486,Thank you Republicans. 185 out of 185 present voted for “US” last night. Really good!,1186611810931236870
Tue Oct 22 11:52:28 +0000 2019,Donald J. Trump,2019-10-23 14:22:27.817987,37135,"So some day, if a Democrat becomes President and the Republicans win the House, even by a tiny margin, they can imp… https://t.co/Q4pOK3kZ4i",1186611272231636992
Tue Oct 22 11:37:04 +0000 2019,Donald J. Trump,2019-10-23 14:22:27.817988,11150,....@kilmeade   “I want to know about Hillary Clinton with the Dossier? I want to know if there was FISA abuse? We’… https://t.co/KO8XzDI81f,1186607396917002241
Tue Oct 22 11:37:03 +0000 2019,Donald J. Trump,2019-10-23 14:22:27.817989,14488,...A majority do not want him Impeached and removed from office. 94% of the people in these battleground states who… https://t.co/JHBVtBfAkr,1186607396090724353
Tue Oct 22 11:21:13 +0000 2019,Donald J. Trump,2019-10-23 14:22:27.817990,13484,"“I thought a very revealing poll was done by The New York Times. By about a 10 point margin, those in battleground… https://t.co/NMC18sMQ2d",1186603407769034752
Tue Oct 22 11:11:32 +0000 2019,Donald J. Trump,2019-10-23 14:22:27.817991,11519,"“The Ambassador to the European Union has already testified, he said there was no quid pro quo. He said the Preside… https://t.co/zpqcJgc4Xh",1186600971130015744
Tue Oct 22 04:33:26 +0000 2019,Donald J. Trump,2019-10-23 14:22:27.817993,10286,Congratulations to @JustinTrudeau on a wonderful and hard fought victory. Canada is well served. I look forward to… https://t.co/H3e0DSQgAP,1186500787922448384
Tue Oct 22 00:34:16 +0000 2019,Donald J. Trump,2019-10-23 14:22:27.817994,13491,Thank you Liz. Shows great Republican support! https://t.co/WsuTmv6Tfh,1186440600712814593
Tue Oct 22 00:30:49 +0000 2019,Donald J. Trump,2019-10-23 14:22:27.817995,8745,Thank you Dan and Kevin. Great Vote! https://t.co/MMJ5SanakG,1186439731237789696
Mon Oct 21 23:06:16 +0000 2019,Donald J. Trump,2019-10-23 14:22:27.817996,10697,Will be interviewed by @seanhannity tonight at 9:00 P.M. on @FoxNews. Enjoy!,1186418453202247684
Mon Oct 21 13:17:53 +0000 2019,Donald J. Trump,2019-10-23 14:22:27.817997,22591,"Doral in Miami would have been the best place to hold the G-7, and free, but too much heat from the Do Nothing Radi… https://t.co/THW5r9YzOG",1186270381491081218
Mon Oct 21 12:31:43 +0000 2019,Donald J. Trump,2019-10-23 14:22:27.817998,23808,"Censure (at least) Corrupt Adam Schiff! After what he got caught doing, any pol who does not so vote cannot be hone… https://t.co/9e3aXSBYYC",1186258762920792065
Mon Oct 21 12:25:26 +0000 2019,Donald J. Trump,2019-10-23 14:22:27.818000,17890,"Great new book by wonderful and very street smart author Dan Bongino, EXONERATED, THE FAILED TAKEDOWN OF PRESIDENT… https://t.co/YcSTyDGgjQ",1186257181689237504
Mon Oct 21 03:54:07 +0000 2019,Donald J. Trump,2019-10-23 14:22:27.818001,13902,https://t.co/oSn6amjZo4,1186128505316229121
Mon Oct 21 02:57:37 +0000 2019,Donald J. Trump,2019-10-23 14:22:27.818002,15573,https://t.co/R3Chppjx6S,1186114286642515969
Mon Oct 21 02:53:32 +0000 2019,Donald J. Trump,2019-10-23 14:22:27.818003,11619,https://t.co/6sKKniiOfE,1186113259780345857
Mon Oct 21 02:07:51 +0000 2019,Donald J. Trump,2019-10-23 14:22:27.818004,15268,A Great Democrat Scam! https://t.co/LbkVT7UvXX,1186101761368571904
Mon Oct 21 02:05:14 +0000 2019,Donald J. Trump,2019-10-23 14:22:27.818005,21857,Adam Schiff is a Corrupt Politician! https://t.co/16aSrqjwu2,1186101103676526592
Mon Oct 21 01:57:10 +0000 2019,Donald J. Trump,2019-10-23 14:22:27.818006,8301,Congratulations Barbara! https://t.co/0cYrjL1YOj,1186099074371596288
Mon Oct 21 01:48:35 +0000 2019,Donald J. Trump,2019-10-23 14:22:27.818007,10507,"“To the Democrats, Impeachment is partisan politics dressed up as principle.” @SteveHiltonx @FoxNews",1186096913520693248
Sun Oct 20 22:41:10 +0000 2019,Donald J. Trump,2019-10-23 14:22:27.818008,20916,"So interesting that, when I announced Trump National Doral in Miami would be used for the hosting of the G-7, and t… https://t.co/tDDMw6CPOd",1186049749989892105
Sun Oct 20 21:45:17 +0000 2019,Donald J. Trump,2019-10-23 14:22:27.818010,18898,"....fiction to Congress and the American People?  I demand his deposition. He is a fraud, just like the Russia Hoax… https://t.co/Hum7mHfNiV",1186035686396321793
Sun Oct 20 21:45:17 +0000 2019,Donald J. Trump,2019-10-23 14:22:27.818011,15536,....because their so-called story didn’t come even close to matching up with the exact transcript of the phone call… https://t.co/SUGMgGZeJ3,1186035685163257857
Sun Oct 20 21:45:17 +0000 2019,Donald J. Trump,2019-10-23 14:22:27.818012,23525,"This Scam going on right now by the Democrats against the Republican Party, and me, was all about a perfect phone c… https://t.co/nXPfrl25ag",1186035684525727744
Sun Oct 20 20:28:28 +0000 2019,Donald J. Trump,2019-10-23 14:22:27.818013,30662,"Pelosi is now leading a delegation of 9, including Corrupt Adam Schiff, to Jordan to check out Syria. She should fi… https://t.co/FBznZni7FF",1186016354572353536
Sun Oct 20 16:29:26 +0000 2019,Donald J. Trump,2019-10-23 14:22:27.818014,13741,https://t.co/dNfXkc8uUG,1185956197624619008
Sun Oct 20 16:29:14 +0000 2019,Donald J. Trump,2019-10-23 14:22:27.818015,13819,https://t.co/kNVQf6JdIL,1185956149008490496
Sun Oct 20 15:03:13 +0000 2019,Donald J. Trump,2019-10-23 14:22:27.818016,20478,“The ceasefire is holding up very nicely. There are some minor skirmishes that have ended quickly. New areas being… https://t.co/TzJkyag5JH,1185934502906007552
Sun Oct 20 12:44:26 +0000 2019,Donald J. Trump,2019-10-23 14:22:27.818018,19474,The WALL is making a very big difference. Even Dems in area are happy! https://t.co/NDzq2oIsHV,1185899575669919745
Sun Oct 20 03:26:35 +0000 2019,Donald J. Trump,2019-10-23 14:22:27.818019,16900,https://t.co/kNVQf6JdIL,1185759188040978432
Sun Oct 20 02:41:53 +0000 2019,Donald J. Trump,2019-10-23 14:22:27.818020,37341,"So now Crooked Hillary is at it again! She is calling Congresswoman Tulsi Gabbard “a Russian favorite,” and Jill St… https://t.co/qBeaGRueWS",1185747939257397248
Sun Oct 20 02:03:29 +0000 2019,Donald J. Trump,2019-10-23 14:22:27.818021,21016,Never give up. We are doing GREAT! We are WINNING! https://t.co/MKDn5WStFU,1185738277376184320
Sun Oct 20 01:52:46 +0000 2019,Donald J. Trump,2019-10-23 14:22:27.818022,17526,"....Therefore, based on both Media &amp; Democrat Crazed and Irrational Hostility, we will no longer consider Trump Nat… https://t.co/qJPYSwIfGP",1185735579327193093
Sun Oct 20 01:28:46 +0000 2019,Donald J. Trump,2019-10-23 14:22:27.818023,13728,https://t.co/dNfXkc8uUG,1185729537230938112
Sun Oct 20 01:18:24 +0000 2019,Donald J. Trump,2019-10-23 14:22:27.818024,21201,.....its own 50 to 70 unit building. Would set up better than other alternatives. I announced that I would be willi… https://t.co/F3PB9Xzseu,1185726931611852802
Sun Oct 20 01:18:24 +0000 2019,Donald J. Trump,2019-10-23 14:22:27.818026,21000,"I thought I was doing something very good for our Country by using Trump National Doral, in Miami, for hosting the… https://t.co/lfJvhCW1v0",1185726930764611589
Sat Oct 19 23:28:01 +0000 2019,Donald J. Trump,2019-10-23 14:22:27.818027,20337,“The President never told me to withhold any money until the Ukrainians did anything related to the server. The onl… https://t.co/1Zivgzpe69,1185699151708901376
Sat Oct 19 22:26:59 +0000 2019,Donald J. Trump,2019-10-23 14:22:27.818028,8845,See you there! https://t.co/msBoZ1TbNX,1185683791639187459
Sat Oct 19 21:15:17 +0000 2019,Donald J. Trump,2019-10-23 14:22:27.818029,13737,https://t.co/yvsGhK5N9X,1185665748800299009
Sat Oct 19 19:47:51 +0000 2019,Donald J. Trump,2019-10-23 14:22:27.818030,21121,"Crooked Hillary Clinton just called the respected environmentalist and Green Party candidate, Jill Stein, a “Russia… https://t.co/X4THYpEAJw",1185643744932106240
Sat Oct 19 19:23:00 +0000 2019,Donald J. Trump,2019-10-23 14:22:27.818032,21895,It is ONLY about this! https://t.co/ZB5xPDKs4b,1185637489471565824
Sat Oct 19 19:16:00 +0000 2019,Donald J. Trump,2019-10-23 14:22:27.818033,9760,"Just another FAKE SUPPRESSION POLL, this time from @FoxNews, of course! https://t.co/x8lYVE7QCo",1185635727645839363
Sat Oct 19 17:35:40 +0000 2019,Donald J. Trump,2019-10-23 14:22:27.818034,5948,.@RepMcClintock  Thank you Tom. Great interview on @TeamCavuto! @FoxNews,1185610478325784577
Sat Oct 19 17:23:22 +0000 2019,Donald J. Trump,2019-10-23 14:22:27.818035,6951,A Great Book by Kimberley Strassel! https://t.co/TOQcUDmnAR,1185607384963661825
Sat Oct 19 17:01:56 +0000 2019,Donald J. Trump,2019-10-23 14:22:27.818036,15817,“I don’t see anything that constitutes an Impeachable offense - Nothing here rises to the level of Impeachment. The… https://t.co/9WDifJx3yZ,1185601988811284483
Sat Oct 19 15:58:49 +0000 2019,Donald J. Trump,2019-10-23 14:22:27.818037,10650,Thank you very much. Working hard! https://t.co/z8dgzQxkVC,1185586107653804033
Sat Oct 19 15:57:54 +0000 2019,Donald J. Trump,2019-10-23 14:22:27.818038,12609,I agree! https://t.co/mxKKg98NvO,1185585875318644737
Sat Oct 19 15:35:12 +0000 2019,Donald J. Trump,2019-10-23 14:22:27.818040,10501,Texas is great! https://t.co/aJSyPSHJfw,1185580161305059328
Sat Oct 19 15:23:34 +0000 2019,Donald J. Trump,2019-10-23 14:22:27.818041,15638,There has never been a greater fraud on Congress. Shifty Schiff is Corrupt. Go Andy! https://t.co/yw57NhKpG2,1185577234641379328
Sat Oct 19 15:13:27 +0000 2019,Donald J. Trump,2019-10-23 14:22:27.818042,17740,"Such a disgrace that the Do Nothing Democrats are doing just as their name suggests, Doing Nothing! USMCA anyone?",1185574689156059141
Sat Oct 19 12:32:36 +0000 2019,Donald J. Trump,2019-10-23 14:22:27.818043,30151,#StopTheCoup,1185534210196627456
Sat Oct 19 02:59:13 +0000 2019,Donald J. Trump,2019-10-23 14:22:27.818044,34419,"Susan Rice, who was a disaster to President Obama as National Security Advisor, is now telling us her opinion on wh… https://t.co/1IrtH5McCg",1185389914470473729
Sat Oct 19 02:16:38 +0000 2019,Donald J. Trump,2019-10-23 14:22:27.818045,17356,"Pelosi and Impeachment - There have already been 3 Votes, and they’ve all failed miserably. Here’s why there may no… https://t.co/Phv5Jtemmt",1185379196203421696
Sat Oct 19 02:02:46 +0000 2019,Donald J. Trump,2019-10-23 14:22:27.818047,10602,"Congressman Michael McCaul, “Schiff’s inquiry defies Democracy.” @FoxNews @seanhannity",1185375708559876098
Sat Oct 19 01:57:33 +0000 2019,Donald J. Trump,2019-10-23 14:22:27.818048,18447,"“Because the House has already voted against the Impeachment Proceeding, the current inquiry is totally invalid. Th… https://t.co/PZIzcO2WiE",1185374394350215169
Sat Oct 19 01:28:29 +0000 2019,Donald J. Trump,2019-10-23 14:22:27.818049,30234,Corrupt Congressman Adam Schiff is angry that Ambassadors that he thought would be good for his fraudulent Witch Hu… https://t.co/8a8f8mqZb6,1185367080780156930
Fri Oct 18 23:37:33 +0000 2019,Donald J. Trump,2019-10-23 14:22:27.818050,25094,REPUBLICANS MUST STICK TOGETHER AND FIGHT! https://t.co/chnSNURfFx,1185339160858648576
Fri Oct 18 23:29:05 +0000 2019,Donald J. Trump,2019-10-23 14:22:27.818062,18478,https://t.co/Q2ar4LZGM4,1185337032429789184
Fri Oct 18 23:25:50 +0000 2019,Donald J. Trump,2019-10-23 14:22:27.818063,19735,"Think of how many lives we saved in Syria and Turkey by getting a ceasefire yesterday. Thousands and thousands, and maybe many more!",1185336214049689600
Fri Oct 18 22:39:11 +0000 2019,Donald J. Trump,2019-10-23 14:22:27.824466,16742,https://t.co/p5imhMJqS1,1185324474775887874
Fri Oct 18 19:34:21 +0000 2019,Donald J. Trump,2019-10-23 14:22:27.824474,10736,"....He is also my friend! At the same time, I am pleased to nominate Deputy Secretary Dan Brouillette to be the new… https://t.co/Pcc3G5sxtR",1185277957436248065
Fri Oct 18 19:34:20 +0000 2019,Donald J. Trump,2019-10-23 14:22:27.824475,13544,I want to thank Secretary of Energy Rick Perry for the outstanding job he has done. He will be leaving at the end o… https://t.co/t1P7C4XOq1,1185277956551254018
Fri Oct 18 15:51:42 +0000 2019,Donald J. Trump,2019-10-23 14:22:27.824477,33492,"Can you believe I am doing this important work for our Country, and have to deal with Corrupt Adam Schiff and the D… https://t.co/a9HvmsXW6O",1185221926991609862
Fri Oct 18 15:46:14 +0000 2019,Donald J. Trump,2019-10-23 14:22:27.824478,17576,DEFEAT TERRORISM! https://t.co/8WbnLPgWIK,1185220552254017537
Fri Oct 18 15:42:37 +0000 2019,Donald J. Trump,2019-10-23 14:22:27.824480,14323,"....I have just been notified that some European Nations are now willing, for the first time, to take the ISIS Figh… https://t.co/2x0Hbvck3H",1185219643432230913
Fri Oct 18 15:42:37 +0000 2019,Donald J. Trump,2019-10-23 14:22:27.824482,11987,".....this thinking years ago. Instead, it was always held together with very weak bandaids, &amp; in an artificial mann… https://t.co/xfVVvkP3Jt",1185219642668867585
Fri Oct 18 15:42:37 +0000 2019,Donald J. Trump,2019-10-23 14:22:27.824484,16581,Just spoke to President @RTErdogan of Turkey. He told me there was minor sniper and mortar fire that was quickly el… https://t.co/QPkgIfK4F4,1185219641972539392
Fri Oct 18 13:09:56 +0000 2019,Donald J. Trump,2019-10-23 14:22:27.824485,12991,The USA! https://t.co/Zdj3Lyo76H,1185181219086127105
Fri Oct 18 03:39:18 +0000 2019,Donald J. Trump,2019-10-23 14:22:27.824487,31145,"Democrats are now the party of high taxes, high crime, open borders, late-term abortion, socialism, and blatant cor… https://t.co/tSNbCqhzVE",1185037614685904896
Fri Oct 18 03:06:57 +0000 2019,Donald J. Trump,2019-10-23 14:22:27.824488,23064,"Tonight, we forcefully condemn the blatant corruption of the Democrat Party, the Fake News Media, and the rogue bur… https://t.co/LnlkBTfhUx",1185029472132698113
Fri Oct 18 02:57:07 +0000 2019,Donald J. Trump,2019-10-23 14:22:27.824490,23395,"The radical left tolerates no dissent, it permits no opposition, it accepts no compromise, and it has absolutely no… https://t.co/J5ruRNe7G1",1185026994993451008
Fri Oct 18 02:26:39 +0000 2019,Donald J. Trump,2019-10-23 14:22:27.824491,20122,"Thank you Dallas, Texas - I love you! #TrumpRallyDallas #KAG2020 https://t.co/meWpesDYeM",1185019331018665985
Fri Oct 18 00:21:37 +0000 2019,Donald J. Trump,2019-10-23 14:22:27.824492,23355,"Just arrived at the American Airlines Center in Dallas, Texas. Will be out shortly as we wait for more of you to ge… https://t.co/ef6YyOIG3p",1184987864125321216
Thu Oct 17 23:22:43 +0000 2019,Donald J. Trump,2019-10-23 14:22:28.072729,13780,"See you soon Dallas, Texas! https://t.co/Sg6xtp1vqQ",1184973040150614016
Thu Oct 17 18:13:15 +0000 2019,Donald J. Trump,2019-10-23 14:22:28.072738,37081,"This is a great day for civilization. I am proud of the United States for sticking by me in following a necessary,… https://t.co/4dKcAXxcHj",1184895160871571456
Thu Oct 17 18:03:25 +0000 2019,Donald J. Trump,2019-10-23 14:22:28.072739,23171,This deal could NEVER have been made 3 days ago. There needed to be some “tough” love in order to get it done. Grea… https://t.co/nkpY0r5ti2,1184892687587012608
Thu Oct 17 17:29:37 +0000 2019,Donald J. Trump,2019-10-23 14:22:28.072740,26710,Great news out of Turkey. News Conference shortly with @VP and @SecPompeo. Thank you to @RTErdogan. Millions of lives will be saved!,1184884179751731200
Thu Oct 17 17:02:43 +0000 2019,Donald J. Trump,2019-10-23 14:22:28.072741,17956,"This number, based on the Economy &amp; how well our Country is doing, would potentially be 75% if not for the Fake New… https://t.co/wREm2kFsaC",1184877410946187264
Thu Oct 17 15:07:46 +0000 2019,Donald J. Trump,2019-10-23 14:22:28.072742,13551,As the Witch Hunt continues! https://t.co/klvvwSXq7M,1184848482844250113
Thu Oct 17 13:14:49 +0000 2019,Donald J. Trump,2019-10-23 14:22:28.072744,15640,The Greatest Witch Hunt in American History! https://t.co/sPnloffJMT,1184820057001598976
Thu Oct 17 12:54:55 +0000 2019,Donald J. Trump,2019-10-23 14:22:28.072745,17259,My warmest condolences to the family and many friends of Congressman Elijah Cummings. I got to see first hand the s… https://t.co/IVXZYgOkyg,1184815052546809862
Thu Oct 17 11:54:12 +0000 2019,Donald J. Trump,2019-10-23 14:22:28.072746,16447,This is the real story. Thank you Jim! https://t.co/VqJrsUJdiX,1184799768964456448
Thu Oct 17 04:39:26 +0000 2019,Donald J. Trump,2019-10-23 14:22:28.072747,38764,I am the only person who can fight for the safety of our troops &amp; bring them home from the ridiculous &amp; costly Endl… https://t.co/Myfg3mkPGS,1184690356027297793
Thu Oct 17 04:29:31 +0000 2019,Donald J. Trump,2019-10-23 14:22:28.072749,43604,"“About 500,000 human beings were killed in Syria while Barack Obama was president &amp; leading for a “political settle… https://t.co/77ONloetaY",1184687862090010624
Thu Oct 17 02:26:47 +0000 2019,Donald J. Trump,2019-10-23 14:22:28.072750,21499,https://t.co/ZtCSrCqJcN,1184656977638711296
Thu Oct 17 01:14:36 +0000 2019,Donald J. Trump,2019-10-23 14:22:28.072751,31778,"Hope all House Republicans, and honest House Democrats, will vote to CENSURE Rep. Adam Schiff tomorrow for his braz… https://t.co/UTBkc10nhf",1184638812150009858
Thu Oct 17 01:11:05 +0000 2019,Donald J. Trump,2019-10-23 14:22:28.072752,17446,"Years of BAD GOVERNMENT, such a sorry thing to see! https://t.co/H1r2Be2YS6",1184637926212341760
Thu Oct 17 00:58:22 +0000 2019,Donald J. Trump,2019-10-23 14:22:28.072753,27828,"“What has happened here with the Anthony Wiener laptop, the Server, all of the Emails between Huma Abedin and Hilla… https://t.co/ELyAWDQbdb",1184634725677314050
Thu Oct 17 00:44:39 +0000 2019,Donald J. Trump,2019-10-23 14:22:28.072754,21195,"THANK YOU you Dallas, Texas. See you tomorrow night at the American Airlines Center! #TRUMP2020 https://t.co/fbtzlbroQi",1184631273454817280
Thu Oct 17 00:12:38 +0000 2019,Donald J. Trump,2019-10-23 14:22:28.072755,18676,“This President is the most patriotic President I’ve seen in many years. He is going to do what is good for America… https://t.co/2JbKc2WqXK,1184623216742014977
Thu Oct 17 00:00:40 +0000 2019,Donald J. Trump,2019-10-23 14:22:28.072757,48831,"Nancy Pelosi needs help fast! There is either something wrong with her “upstairs,” or she just plain doesn’t like o… https://t.co/X481eoECXa",1184620202480193537
Wed Oct 16 22:42:40 +0000 2019,Donald J. Trump,2019-10-23 14:22:28.072758,18264,"The Do Nothing Democrats, Pelosi and Schumer stormed out of the Cabinet Room! https://t.co/hmP4FNhemv",1184600576245583873
Wed Oct 16 22:29:35 +0000 2019,Donald J. Trump,2019-10-23 14:22:28.072759,31051,Nervous Nancy's unhinged meltdown! https://t.co/RDeUI7sfe7,1184597281808498688
Wed Oct 16 22:21:51 +0000 2019,Donald J. Trump,2019-10-23 14:22:28.072760,29771,Do you think they like me? https://t.co/TDmUnJ8HtF,1184595335794036737
Wed Oct 16 22:19:13 +0000 2019,Donald J. Trump,2019-10-23 14:22:28.072761,22230,"I’m fighting for the American people, but the Democrats’ sole focus is fighting against ME with their fraudulent Wi… https://t.co/8P09w45uGC",1184594674541121537
Wed Oct 16 21:17:07 +0000 2019,Donald J. Trump,2019-10-23 14:22:28.072762,45859,FAKE NEWS! https://t.co/ta8ii8yetP,1184579045138337794
Wed Oct 16 21:08:16 +0000 2019,Donald J. Trump,2019-10-23 14:22:28.072763,17605,"THANK YOU, WORKING HARD! https://t.co/sNUppjB4Xm",1184576819309228034
Wed Oct 16 19:33:24 +0000 2019,Donald J. Trump,2019-10-23 14:22:28.072765,14108,https://t.co/O8E3i8kJwS,1184552942545920005
Wed Oct 16 18:44:06 +0000 2019,Donald J. Trump,2019-10-23 14:22:28.072766,20275,"Guatemala, Honduras &amp; El Salvador have all signed historic Asylum Cooperation Agreements and are working to end the… https://t.co/yD17W9yoC2",1184540536134406144
Wed Oct 16 18:05:43 +0000 2019,Donald J. Trump,2019-10-23 14:22:28.072767,24604,"Senator Rand Paul just wrote a great book, “The Case Against Socialism” which is now out. Highly recommended – as A… https://t.co/GblFOclQdM",1184530879999348739
Wed Oct 16 11:46:25 +0000 2019,Donald J. Trump,2019-10-23 14:22:28.072768,22270,"Republicans are totally deprived of their rights in this Impeachment Witch Hunt. No lawyers, no questions, no trans… https://t.co/Qd968Gn6bI",1184435422346305537
Wed Oct 16 11:29:50 +0000 2019,Donald J. Trump,2019-10-23 14:22:28.072769,29874,"Our record Economy would CRASH, just like in 1929, if any of those clowns became President!",1184431250066624512
Wed Oct 16 11:25:52 +0000 2019,Donald J. Trump,2019-10-23 14:22:28.072770,26418,"95% Approval Rating in the Republican Party. Thank you! Just won two Congressional Seats in North Carolina,  &amp; a Go… https://t.co/XOLNddjsgk",1184430253541859328
Wed Oct 16 11:14:11 +0000 2019,Donald J. Trump,2019-10-23 14:22:28.072771,20168,“What is happening to President Trump with Impeachment is a Constitutional Travesty.” @GrahamLedger  The likes of w… https://t.co/iXGclnCzpW,1184427310935609345
Wed Oct 16 11:10:02 +0000 2019,Donald J. Trump,2019-10-23 14:22:28.072772,28114,You would think there is NO WAY that any of the Democrat Candidates that we witnessed last night could possibly bec… https://t.co/uDW9RUcdZR,1184426268177129472
Wed Oct 16 03:22:00 +0000 2019,Donald J. Trump,2019-10-23 14:22:28.072774,37348,We now have the greatest Economy in history! https://t.co/8fLOejOpxH,1184308485237948416
Wed Oct 16 03:16:57 +0000 2019,Donald J. Trump,2019-10-23 14:22:28.072775,9257,A great group of Champions! https://t.co/A2ux83427l,1184307214623875072
Wed Oct 16 03:15:40 +0000 2019,Donald J. Trump,2019-10-23 14:22:28.072776,21867,Looks good to me! https://t.co/3aHn7y3ZxI,1184306888864874496
Wed Oct 16 02:21:54 +0000 2019,Donald J. Trump,2019-10-23 14:22:28.072777,13921,".... It also brings Shifty’s fraudulent MADE UP CALL, which he read to the United States Congress pretending it to… https://t.co/35xVX2E90u",1184293357755011072
Wed Oct 16 02:21:54 +0000 2019,Donald J. Trump,2019-10-23 14:22:28.072778,20785,"Shifty Adam Schiff wants to rest his entire case on a Whistleblower who he now says can’t testify, &amp; the reason he… https://t.co/n8QdZpH8Q4",1184293357121613824
Tue Oct 15 22:34:18 +0000 2019,Donald J. Trump,2019-10-23 14:22:28.072779,12812,https://t.co/Kj1LtwYSXa https://t.co/YgXImlvOYd,1184236083346919425
Tue Oct 15 20:05:12 +0000 2019,Donald J. Trump,2019-10-23 14:22:28.072780,15001,"The @StLouisBlues amazing comeback reminds us to never give up – and never lose faith. When you work hard, support… https://t.co/g68uGs3i2R",1184198558007869440
Tue Oct 15 19:58:53 +0000 2019,Donald J. Trump,2019-10-23 14:22:28.072781,9089,"Congratulations @StLouisBlues! 
https://t.co/WjlWYFuiE6",1184196970212139010
Tue Oct 15 18:04:56 +0000 2019,Donald J. Trump,2019-10-23 14:22:28.072782,33812,"Now that we have found out that @CNN is a virtual fraud, rumor has it that Jeff Zucker will be resigining momentarily?",1184168291775995904
Tue Oct 15 16:41:36 +0000 2019,Donald J. Trump,2019-10-23 14:22:28.072783,16832,"Join me in Dallas, Texas this Thursday (October 17th) at the American Airlines Center! #KAG2020

Tickets:… https://t.co/kEzQhhFyWb",1184147319480041473
Tue Oct 15 15:57:15 +0000 2019,Donald J. Trump,2019-10-23 14:22:28.072784,11396,....He loves our Military and supports our Vets! Get out and Vote for Tate Reeves on November 5th. He has my Complete and Total Endorsement!,1184136159724740609
Tue Oct 15 15:57:15 +0000 2019,Donald J. Trump,2019-10-23 14:22:28.072786,16430,"Mississippi, there is a VERY important election for Governor on November 5th. I need you to Get Out and Vote for ou… https://t.co/yKvRT8l0Fp",1184136158860730369
Tue Oct 15 15:32:05 +0000 2019,Donald J. Trump,2019-10-23 14:22:28.072787,33289,"Just out: MEDIAN HOUSEHOLD INCOME IS AT THE HIGHEST POINT EVER, EVER, EVER! How about saying it this way, IN THE HI… https://t.co/eeLFQHSr3z",1184129825231069184
Tue Oct 15 15:30:39 +0000 2019,Donald J. Trump,2019-10-23 14:22:28.072788,11718,Governor @MattBevin has done a wonderful job for the people of Kentucky! He continues to protect your very importan… https://t.co/9NdcLWh6LD,1184129465070297090
Tue Oct 15 15:14:09 +0000 2019,Donald J. Trump,2019-10-23 14:22:28.072789,19171,"Hunter Biden was really bad on @GMA. Now Sleepy Joe has real problems! Reminds me of Crooked Hillary and her 33,000… https://t.co/tOckL4IeUG",1184125314147983361
Tue Oct 15 13:40:00 +0000 2019,Donald J. Trump,2019-10-23 14:22:28.072790,23795,Democrats are allowing no transparency at the Witch Hunt hearings. If Republicans ever did this they would be excor… https://t.co/JMEXW76rhs,1184101618901540864
Tue Oct 15 00:51:26 +0000 2019,Donald J. Trump,2019-10-23 14:22:28.072791,28139,“Project Veritas-Obtained Undercover Videos Highlight Jeff Zucker’s (@CNN) Campaign To Destroy Trump. Videos Reveal… https://t.co/yJSfxoGt7e,1183908206088728576
Tue Oct 15 00:21:30 +0000 2019,Donald J. Trump,2019-10-23 14:22:28.072792,35952,A big scandal at @ABC News. They got caught using really gruesome FAKE footage of the Turks bombing in Syria. A rea… https://t.co/rpWELuwzAF,1183900672892309505
Tue Oct 15 00:17:05 +0000 2019,Donald J. Trump,2019-10-23 14:22:28.072794,27831,"Shifty Schiff now seems to think they don’t need the Whistleblower, who started the whole Scam. The reason is that… https://t.co/nuvZedQ0M4",1183899559124189184
Mon Oct 14 22:34:04 +0000 2019,Donald J. Trump,2019-10-23 14:22:28.072795,26698,"""The House gone rogue! I want to remind you a little bit about the ring leader in this whole rogue operation agains… https://t.co/BDIPAMiPY2",1183873633057476609
Mon Oct 14 22:19:27 +0000 2019,Donald J. Trump,2019-10-23 14:22:28.072796,21285,"""It doesn't speak for the FULL HOUSE because the FULL HOUSE hasn't spoken. The Democrat Party is pushing this Impea… https://t.co/p6zsUcVqbu",1183869954640228352
Mon Oct 14 22:16:24 +0000 2019,Donald J. Trump,2019-10-23 14:22:28.072797,18408,"""The Democrat Party has hijacked the House of Representatives..."" @MarkLevinShow https://t.co/SZhfmhzec2",1183869189049737217
Mon Oct 14 19:55:09 +0000 2019,Donald J. Trump,2019-10-23 14:22:28.072798,19381,Statement from President Donald J. Trump Regarding Turkey’s Actions in Northeast Syria https://t.co/ZCQC7nzmME,1183833640507269120
Mon Oct 14 19:16:43 +0000 2019,Donald J. Trump,2019-10-23 14:22:28.072799,16486,....I would much rather focus on our Southern Border which abuts and is part of the United States of America. And b… https://t.co/2xn7S7R3pq,1183823970979713024
Mon Oct 14 19:16:43 +0000 2019,Donald J. Trump,2019-10-23 14:22:28.072800,16510,"Some people want the United States to protect the 7,000 mile away Border of Syria, presided over by Bashar al-Assad… https://t.co/pG9jiXa0m0",1183823969197146115
Mon Oct 14 19:10:51 +0000 2019,Donald J. Trump,2019-10-23 14:22:28.072802,17881,....and Assad to protect the land of our enemy? Anyone who wants to assist Syria in protecting the Kurds is good wi… https://t.co/J9iDn7buKt,1183822494031065088
Mon Oct 14 19:10:50 +0000 2019,Donald J. Trump,2019-10-23 14:22:28.072803,20783,"After defeating 100% of the ISIS Caliphate, I largely moved our troops out of Syria. Let Syria and Assad protect th… https://t.co/ejPW1QQ1zM",1183822488192671745
Mon Oct 14 19:06:17 +0000 2019,Donald J. Trump,2019-10-23 14:22:28.072804,10400,"....Don't the Europeans have a lot of responsibility?” @KatiePavlich Thank you Katie, I offered ISIS prisoners to t… https://t.co/Tqq2rU4BiB",1183821343420289030
Mon Oct 14 19:06:17 +0000 2019,Donald J. Trump,2019-10-23 14:22:28.072805,11733,“To his credit the Europeans didn't step up to deal with this ISIS problem – it’s a lot of the reason why we are in… https://t.co/e4GT6FXUkt,1183821342455586818
Mon Oct 14 18:59:04 +0000 2019,Donald J. Trump,2019-10-23 14:22:28.072806,12881,"Great new book, ""Resistance (At All Costs): How Trump Haters Are Breaking America"" out by Kimberley Strassel of the… https://t.co/KKlZjr0xjS",1183819526753980416
Mon Oct 14 18:56:21 +0000 2019,Donald J. Trump,2019-10-23 14:22:28.072807,9465,....of the correction which they knew about full well! “Fox News Pollster Braun Research Misrepresented Impeachment Poll: Analysis” @NYPost,1183818843464065024
Mon Oct 14 18:56:20 +0000 2019,Donald J. Trump,2019-10-23 14:22:28.072808,13156,"The Fox Impeachment poll has turned out to be incorrect. This was announced on Friday. Despite this, the Corrupt Ne… https://t.co/DHLXva1mdP",1183818841941565441
Mon Oct 14 17:26:24 +0000 2019,Donald J. Trump,2019-10-23 14:22:28.072809,29863,America First!,1183796209942695938
Mon Oct 14 16:18:59 +0000 2019,Donald J. Trump,2019-10-23 14:22:28.072810,24577,Wow! Hunter Biden is being forced to leave a Chinese Company. Now watch the Fake News wrap their greasy and very pr… https://t.co/cZmD0wfqjD,1183779243588763649
Mon Oct 14 16:17:54 +0000 2019,Donald J. Trump,2019-10-23 14:22:28.072811,11361,https://t.co/Q6NhPEz2Qv,1183778969725865985
Mon Oct 14 14:00:19 +0000 2019,Donald J. Trump,2019-10-23 14:22:28.072812,10590,"Will be looking into the Scott Hapgood case, and the Island of Anguilla. Something looks and sounds very wrong. I k… https://t.co/BW1HIo84Fj",1183744344794320896
Mon Oct 14 12:33:39 +0000 2019,Donald J. Trump,2019-10-23 14:22:28.072814,13109,Vote for good guy @seanspicer tonight on Dancing With The Stars. He has always been there for us!,1183722535961202689
Mon Oct 14 12:26:13 +0000 2019,Donald J. Trump,2019-10-23 14:22:28.072815,14165,https://t.co/09bac03RX6,1183720665691709445
Mon Oct 14 12:13:44 +0000 2019,Donald J. Trump,2019-10-23 14:22:28.072816,10046,https://t.co/kDd9fzjPAh,1183717522874519552
Mon Oct 14 12:13:20 +0000 2019,Donald J. Trump,2019-10-23 14:22:28.072817,12749,https://t.co/cvCBBovvFP,1183717423029067777
Mon Oct 14 12:06:24 +0000 2019,Donald J. Trump,2019-10-23 14:22:28.072818,21191,Happy Columbus Day!,1183715679096201218
Mon Oct 14 11:40:42 +0000 2019,Donald J. Trump,2019-10-23 14:22:28.072819,20820,The same people who got us into the Middle East mess are the people who most want to stay there!,1183709210602823680
Mon Oct 14 11:14:09 +0000 2019,Donald J. Trump,2019-10-23 14:22:28.072820,14518,....Kurds may be releasing some to get us involved. Easily recaptured by Turkey or European Nations from where many… https://t.co/6sZ5C29SNT,1183702529403695104
Mon Oct 14 11:14:09 +0000 2019,Donald J. Trump,2019-10-23 14:22:28.072821,15308,Brian Kilmeade over at @foxandfriends got it all wrong. We are not going into another war between people who have b… https://t.co/c8akRUK0hn,1183702528787189767
Mon Oct 14 10:54:24 +0000 2019,Donald J. Trump,2019-10-23 14:22:28.072822,23873,"Former Democrat Senator Harry Reid just stated that Donald Trump is very smart, much more popular than people think… https://t.co/4ZSNsALd9U",1183697555907104768
Mon Oct 14 10:39:09 +0000 2019,Donald J. Trump,2019-10-23 14:22:28.072824,14492,"....Democrat’s game was foiled when we caught Schiff fraudulently making up my Ukraine conversation, when I release… https://t.co/jkgo4VlH8h",1183693719914106880
Mon Oct 14 10:39:09 +0000 2019,Donald J. Trump,2019-10-23 14:22:28.072825,21018,Adam Schiff now doesn’t seem to want the Whistleblower to testify. NO! Must testify to explain why he got my Ukrain… https://t.co/Mrm2RoGnus,1183693718500659200
Mon Oct 14 10:19:31 +0000 2019,Donald J. Trump,2019-10-23 14:22:28.072826,20293,"“The Democrats are trashing this President, &amp; in the process, trashing the U.S. Constitution. Frankly, the American… https://t.co/3eseHGpLfX",1183688781037297664
Mon Oct 14 00:34:01 +0000 2019,Donald J. Trump,2019-10-23 14:22:28.072827,21700,“Serial killers get more Due Process than the Democrats give to the President of the United States.” @marklevinshow,1183541434802196481
Mon Oct 14 00:10:14 +0000 2019,Donald J. Trump,2019-10-23 14:22:28.072828,28267,"Somebody please explain to Chris Wallace of Fox, who will never be his father (and my friend), Mike Wallace, that t… https://t.co/ZLLDO4GtIJ",1183535447919812608
Sun Oct 13 23:27:49 +0000 2019,Donald J. Trump,2019-10-23 14:22:28.072829,17837,The U.S. has the worst of the ISIS prisoners. Turkey and the Kurds must not let them escape. Europe should have tak… https://t.co/E2BjDqqaj0,1183524771734183936
Sun Oct 13 23:09:01 +0000 2019,Donald J. Trump,2019-10-23 14:22:28.072831,15414,".@marklevinshow on @FoxNews is doing a big show tonight on the Democrat’s Impeachment Scam. 10:00 P.M. No guests, j… https://t.co/OlFsmmxGPB",1183520040647380993
Sun Oct 13 22:16:39 +0000 2019,Donald J. Trump,2019-10-23 14:22:28.072832,20318,".....BY THE WAY, DON’T CALL ME AGAIN, I’LL CALL YOU WHEN YOU’VE DONE WHAT I’VE ASKED.’” A reminder, that wasn’t jus… https://t.co/pnCglWdk4M",1183506864170029056
Sun Oct 13 22:16:39 +0000 2019,Donald J. Trump,2019-10-23 14:22:28.072833,21062,"“Congressman Adam Schiff, who when seeing the REAL Ukraine phone call Transcript decided he’d better make up one of… https://t.co/pFTgosMdkM",1183506863431786497
Sun Oct 13 21:50:14 +0000 2019,Donald J. Trump,2019-10-23 14:22:28.072834,21023,CHINA HAS ALREADY BEGUN AGRICULTURAL PURCHASES FROM OUR GREAT PATRIOT FARMERS &amp; RANCHERS!,1183500215241859073
Sun Oct 13 21:47:19 +0000 2019,Donald J. Trump,2019-10-23 14:22:28.072835,12409,....I agreed not to increase Tariffs from 25% to 30% on October 15th. They will remain at 25%. The relationship wit… https://t.co/7U5s4Lszcp,1183499482790612993
Sun Oct 13 21:47:19 +0000 2019,Donald J. Trump,2019-10-23 14:22:28.072837,16868,"My deal with China is that they will IMMEDIATELY start buying very large quantities of our Agricultural Product, no… https://t.co/tQFkHtgrrN",1183499482069159941
Sun Oct 13 21:22:42 +0000 2019,Donald J. Trump,2019-10-23 14:22:28.072838,19469,The Democrats are going to lose a lot of House Seats because of their Fraudulent use of Impeachment. Schiff fabrica… https://t.co/pAttjMlRV9,1183493286708875264
Sun Oct 13 17:55:41 +0000 2019,Donald J. Trump,2019-10-23 14:22:28.072839,15651,Happy Birthday @USNavy! https://t.co/H0lNgAdogV,1183441191003721731
Sun Oct 13 14:32:37 +0000 2019,Donald J. Trump,2019-10-23 14:22:28.072840,27433,"We have become a far greater Economic Power than ever before, and we are using that power for WORLD PEACE!",1183390085993119749
Sun Oct 13 14:15:55 +0000 2019,Donald J. Trump,2019-10-23 14:22:28.072841,25391,Where’s Hunter? He has totally disappeared! Now looks like he has raided and scammed even more countries! Media is AWOL.,1183385881320853509
Sun Oct 13 13:37:43 +0000 2019,Donald J. Trump,2019-10-23 14:22:28.072842,15119,"Dealing with @LindseyGrahamSC and many members of Congress, including Democrats, about imposing powerful Sanctions… https://t.co/tQp9x8vL5t",1183376270731763714
Sun Oct 13 13:09:21 +0000 2019,Donald J. Trump,2019-10-23 14:22:28.072843,14632,.....The Kurds and Turkey have been fighting for many years. Turkey considers the PKK the worst terrorists of all.… https://t.co/HzYdswxXOE,1183369133301391365
Sun Oct 13 13:09:21 +0000 2019,Donald J. Trump,2019-10-23 14:22:28.072844,18221,Do you remember two years ago when Iraq was going to fight the Kurds in a different part of Syria. Many people want… https://t.co/jzDCvT0NAz,1183369132634456066
Sun Oct 13 12:57:08 +0000 2019,Donald J. Trump,2019-10-23 14:22:28.072845,19961,"Very smart not to be involved in the intense fighting along the Turkish Border, for a change. Those that mistakenly… https://t.co/jiVhkiScUy",1183366057169444864
Sun Oct 13 12:31:29 +0000 2019,Donald J. Trump,2019-10-23 14:22:28.072846,18926,The Media is not talking about the big Republican victory last night in Louisiana where a sitting Democrat Governor… https://t.co/UNZdG03EFl,1183359602089484288
Sun Oct 13 12:24:47 +0000 2019,Donald J. Trump,2019-10-23 14:22:28.072848,11929,A despicable human being! https://t.co/3KpgUuRaXU,1183357914922258433
Sun Oct 13 05:11:02 +0000 2019,Donald J. Trump,2019-10-23 14:22:28.072849,15380,"Congratulations to the Great State of Louisiana. A big night. You will soon have a new and wonderful Governor,… https://t.co/PXZLMsCbeD",1183248760303960064
Sun Oct 13 04:06:38 +0000 2019,Donald J. Trump,2019-10-23 14:22:28.072850,23457,"The same people that got us into the Middle East Quicksand, 8 Trillion Dollars and many thousands of lives (and mil… https://t.co/L3a88q6AVQ",1183232552464719873
Sun Oct 13 03:13:10 +0000 2019,Donald J. Trump,2019-10-23 14:22:28.072851,15989,"The Governor of Louisiana, John Bel Edwards, has done a poor job. NOW HE IS IN A RUNOFF WITH A GREAT REPUBLICAN,… https://t.co/e2bxi71Cch",1183219098911682561
Sat Oct 12 21:20:06 +0000 2019,Donald J. Trump,2019-10-23 14:22:28.072852,30271,The Endless Wars Must End!,1183130243885875200
Sat Oct 12 20:57:31 +0000 2019,Donald J. Trump,2019-10-23 14:22:28.072853,17941,Start thinking about getting bigger tractors! https://t.co/MhmvNhAA4r,1183124563258941442
Sat Oct 12 20:56:35 +0000 2019,Donald J. Trump,2019-10-23 14:22:28.072854,24381,That is the real story! https://t.co/fG3zvMIaxp,1183124325999796225
Sat Oct 12 20:12:52 +0000 2019,Donald J. Trump,2019-10-23 14:22:28.072855,11867,Happy National Farmers Day! https://t.co/zqhaDCikQg,1183113326374600705
Sat Oct 12 19:13:52 +0000 2019,Donald J. Trump,2019-10-23 14:22:28.072856,9415,https://t.co/YBmYOsGdK3 https://t.co/LWCWvpeIqn,1183098478232256512
Sat Oct 12 19:08:53 +0000 2019,Donald J. Trump,2019-10-23 14:22:28.072857,12286,https://t.co/0DTxsaGKZ1,1183097223674056705
Sat Oct 12 15:11:39 +0000 2019,Donald J. Trump,2019-10-23 14:22:28.072859,24589,"So now they are after the legendary “crime buster” and greatest Mayor in the history of NYC, Rudy Giuliani. He may… https://t.co/jZjNe5VcvN",1183037520503885824
Sat Oct 12 14:16:10 +0000 2019,Donald J. Trump,2019-10-23 14:22:28.072860,17340,"Louisiana, get out and vote REPUBLICAN before going to the big game today. A runoff will be a tremendous win for yo… https://t.co/RMa6wVPhSh",1183023558655709184
Sat Oct 12 14:09:12 +0000 2019,Donald J. Trump,2019-10-23 14:22:28.072861,13265,"....Other aspects of the deal are also great - technology, financial services, 16-20 Billion in Boeing Planes etc.,… https://t.co/66ySzTHruF",1183021806493556736
Sat Oct 12 14:09:12 +0000 2019,Donald J. Trump,2019-10-23 14:22:28.072862,25568,"The deal I just made with China is, by far, the greatest and biggest deal ever made for our Great Patriot Farmers i… https://t.co/Psfy4J9G9i",1183021805570801665
Sat Oct 12 13:49:42 +0000 2019,Donald J. Trump,2019-10-23 14:22:28.072863,18996,The case of Major Mathew Golsteyn is now under review at the White House. Mathew is a highly decorated Green Beret… https://t.co/fROsPkmdOJ,1183016899589955584
Sat Oct 12 13:13:52 +0000 2019,Donald J. Trump,2019-10-23 14:22:28.072864,15536,“Schiff aides worked with Whistleblower.” @foxandfriends  @RepLeeZeldin  Schiff is a lying mess!,1183007878921314304
Sat Oct 12 03:49:29 +0000 2019,Donald J. Trump,2019-10-23 14:22:28.072865,10333,"LOUISIANA — Tomorrow, you will head to the polls and VOTE to REPLACE Liberal Democrat John Bel Edwards with a great… https://t.co/M5CytScjIJ",1182865849851338753
Sat Oct 12 03:48:09 +0000 2019,Donald J. Trump,2019-10-23 14:22:28.072866,11305,"Louisiana REPUBLICANS, thank you for a great evening. Get out TOMORROW and VOTE REPUBLICAN! Send the Radical Democr… https://t.co/OvkdFFyXBu",1182865510825779200
Sat Oct 12 03:25:36 +0000 2019,Donald J. Trump,2019-10-23 14:22:28.072867,16675,"“I never saw so many subpoenas!” @ShannonBream  @FoxNews  The Democrats have gone Crazy. Just read the Transcript,… https://t.co/QlThJeGWB2",1182859837316583424
Sat Oct 12 03:25:34 +0000 2019,Donald J. Trump,2019-10-23 14:22:28.072869,21621,"So funny to watch Steve Kerr grovel and pander when asked a simple question about China. He chocked, and looks weak… https://t.co/kbkkDSTxoH",1182859828386885633
Sat Oct 12 02:58:08 +0000 2019,Donald J. Trump,2019-10-23 14:22:28.072870,29383,WHERE’S HUNTER?,1182852925237805060
Sat Oct 12 02:17:17 +0000 2019,Donald J. Trump,2019-10-23 14:22:28.072871,12890,"Is he leaving due to bad ratings, or some other less important reason? https://t.co/XBr7xVgarc",1182842647041298432
Fri Oct 11 23:55:42 +0000 2019,Donald J. Trump,2019-10-23 14:22:28.072872,12947,"Just landed in Louisiana! Vote against John Bel Edwards, he has the worst jobs record in the United States. Louisia… https://t.co/uo8mZwfJI6",1182807013719531522
Fri Oct 11 23:46:31 +0000 2019,Donald J. Trump,2019-10-23 14:22:28.072873,8785,"....Congratulations Kevin, on a job well done! I will be announcing the new Acting Secretary next week. Many wonderful candidates!",1182804704721375233
Fri Oct 11 23:46:30 +0000 2019,Donald J. Trump,2019-10-23 14:22:28.072875,10998,Kevin McAleenan has done an outstanding job as Acting Secretary of Homeland Security. We have worked well together… https://t.co/rZcfpzzvwv,1182804700699086848
Fri Oct 11 23:23:11 +0000 2019,Donald J. Trump,2019-10-23 14:22:28.072876,11765,A terrible and very dishonest person! https://t.co/bomdDcHTT4,1182798830577709056
Fri Oct 11 17:29:12 +0000 2019,Donald J. Trump,2019-10-23 14:22:28.072877,13024,"We love you @MinneapolisPD, THANK YOU! #LESM https://t.co/fkOL8dCNP2",1182709748619198464
Fri Oct 11 15:47:44 +0000 2019,Donald J. Trump,2019-10-23 14:22:28.072878,12136,Really good news! https://t.co/dbc6AgzNPx,1182684215189614592
Fri Oct 11 15:44:19 +0000 2019,Donald J. Trump,2019-10-23 14:22:28.072879,10006,So Great! https://t.co/WZSY7E0A2M,1182683354463907840
Fri Oct 11 15:40:00 +0000 2019,Donald J. Trump,2019-10-23 14:22:28.072880,9488,A Giant Scam! https://t.co/Go4TffoEaq,1182682269804310529
Fri Oct 11 15:39:28 +0000 2019,Donald J. Trump,2019-10-23 14:22:28.072882,6836,Amazing Evening! https://t.co/jVTW8sRJpf,1182682132868751361
Fri Oct 11 15:37:58 +0000 2019,Donald J. Trump,2019-10-23 14:22:28.072883,8434,The Do Nothing Democrats. Thanks Vicky! https://t.co/WEZgrvobs3,1182681755679121408
Fri Oct 11 15:35:54 +0000 2019,Donald J. Trump,2019-10-23 14:22:28.072884,13827,Do you believe this?  A total Scam! https://t.co/ihJmne0AbW,1182681234880847872
Fri Oct 11 15:30:03 +0000 2019,Donald J. Trump,2019-10-23 14:22:28.072885,6920,A great evening in beautiful Minnesota! https://t.co/xgfAKaRSlM,1182679765632868353
Fri Oct 11 15:28:29 +0000 2019,Donald J. Trump,2019-10-23 14:22:28.072886,11947,What a disgraceful legal system for this guy to still be around after all of these years. A vicious killer who dest… https://t.co/gNwVuJAuIi,1182679369174716423
Fri Oct 11 14:27:37 +0000 2019,Donald J. Trump,2019-10-23 14:22:28.928518,8947,"Will be with our two GREAT Senators, @SenJohnKennedy &amp; @SenBillCassidy, tonight in Louisiana. These two hard workin… https://t.co/g9fzARnKUa",1182664051089911812
Fri Oct 11 14:15:49 +0000 2019,Donald J. Trump,2019-10-23 14:22:28.928526,16544,"One of the great things about the China Deal is the fact that, for various reasons, we do not have to go through th… https://t.co/N9fuYuGhss",1182661081849835520
Fri Oct 11 14:00:00 +0000 2019,Donald J. Trump,2019-10-23 14:22:28.928527,12709,I will be in Louisiana tonight (Love it!) to get Republicans to vote for either of our two great Republican Candida… https://t.co/XUlB678Ryp,1182657102357110791
Fri Oct 11 13:49:09 +0000 2019,Donald J. Trump,2019-10-23 14:22:28.928529,17321,"Good things are happening at China Trade Talk Meeting. Warmer feelings than in recent past, more like the Old Days.… https://t.co/n0vIJtqBWv",1182654371714211840
Fri Oct 11 02:49:51 +0000 2019,Donald J. Trump,2019-10-23 14:22:28.928531,22076,"Over the next 13 months, we are going to fight with all of our heart and soul – and we are going to win the Great S… https://t.co/bPUTrlXTcc",1182488455277924353
Fri Oct 11 02:37:01 +0000 2019,Donald J. Trump,2019-10-23 14:22:28.928532,25591,"A GREAT evening in Minneapolis, Minnesota with incredible American Patriots. THANK YOU! https://t.co/b3UQEo0wPq",1182485222190915584
Fri Oct 11 00:03:55 +0000 2019,Donald J. Trump,2019-10-23 14:22:28.928533,25629,The joint statement released with President Bolsonaro in March makes absolutely clear that I support Brazil beginni… https://t.co/4Gc91nnBfJ,1182446696598511617
Thu Oct 10 20:55:28 +0000 2019,Donald J. Trump,2019-10-23 14:22:28.928534,33820,"WOW, THANK YOU Minneapolis, Minnesota — on my way! #KAG2020 https://t.co/Czl6GbCCxN",1182399270009425920
Thu Oct 10 20:07:30 +0000 2019,Donald J. Trump,2019-10-23 14:22:28.928536,16402,"....We have one of three choices: Send in thousands of troops and win Militarily, hit Turkey very hard Financially… https://t.co/DAEdfK1pH1",1182387198164946944
Thu Oct 10 20:07:30 +0000 2019,Donald J. Trump,2019-10-23 14:22:28.928537,19090,"We defeated 100% of the ISIS Caliphate and no longer have any troops in the area under attack by Turkey, in Syria.… https://t.co/rAEAC18rdw",1182387197066039298
Thu Oct 10 14:40:15 +0000 2019,Donald J. Trump,2019-10-23 14:22:28.928538,8335,https://t.co/sI5hZ81ASL,1182304844683632642
Thu Oct 10 14:40:14 +0000 2019,Donald J. Trump,2019-10-23 14:22:28.928539,17486,https://t.co/HZzDQY5QqV,1182304840212455424
Thu Oct 10 13:49:52 +0000 2019,Donald J. Trump,2019-10-23 14:22:28.928540,19085,"Big day of negotiations with China. They want to make a deal, but do I? I meet with the Vice Premier tomorrow at The White House.",1182292163721404416
Thu Oct 10 13:42:47 +0000 2019,Donald J. Trump,2019-10-23 14:22:28.928542,14061,Why isn’t the IG investigating his so-called Whistleblower? All bad info!,1182290380542185472
Thu Oct 10 13:39:02 +0000 2019,Donald J. Trump,2019-10-23 14:22:28.928543,21022,"The President of the Ukraine just stated again, in the strongest of language, that President Trump applied no press… https://t.co/4IQBZho6St",1182289435955777537
Thu Oct 10 13:34:09 +0000 2019,Donald J. Trump,2019-10-23 14:22:28.928544,22946,Thank you to @OANN One America News for your fair coverage and brilliant reporting. It is appreciated by many peopl… https://t.co/ccW5IJb98E,1182288206806560769
Thu Oct 10 13:27:01 +0000 2019,Donald J. Trump,2019-10-23 14:22:28.928545,13755,"....the area and start a new war all over again. Turkey is a member of NATO. Others say STAY OUT, let the Kurds fig… https://t.co/2kFjO24P4R",1182286414353981440
Thu Oct 10 13:27:00 +0000 2019,Donald J. Trump,2019-10-23 14:22:28.928546,16699,Turkey has been planning to attack the Kurds for a long time. They have been fighting forever. We have no soldiers… https://t.co/hr9YhzW1eA,1182286411501838337
Thu Oct 10 13:12:37 +0000 2019,Donald J. Trump,2019-10-23 14:22:28.928548,17057,Where is Hunter Biden? He has disappeared while the Fake News protects his Crooked daddy! https://t.co/Gtwn0nxOTt,1182282790861201408
Thu Oct 10 13:08:50 +0000 2019,Donald J. Trump,2019-10-23 14:22:28.928549,18035,"...Court Justice &amp; I turned him down (he’s been terrible ever since), Shep Smith, @donnabrazile (who gave Crooked H… https://t.co/H1LTENm7IL",1182281836363485185
Thu Oct 10 13:08:49 +0000 2019,Donald J. Trump,2019-10-23 14:22:28.928550,21638,"From the day I announced I was running for President, I have NEVER had a good @FoxNews Poll. Whoever their Pollster… https://t.co/3CVU5wgQQa",1182281834970980352
Thu Oct 10 13:04:03 +0000 2019,Donald J. Trump,2019-10-23 14:22:28.928551,15047,“Ukrainian President Volodymyr Zelensky told reporters Thursday his controversial July call with President Trump in… https://t.co/9RRsipNQER,1182280635513294849
Thu Oct 10 04:16:36 +0000 2019,Donald J. Trump,2019-10-23 14:22:28.928552,17115,"In case the Kurds or Turkey lose control, the United States has already taken the 2 ISIS militants tied to beheadin… https://t.co/05C14uxy2B",1182147895371472896
Thu Oct 10 03:53:17 +0000 2019,Donald J. Trump,2019-10-23 14:22:28.928554,19254,"Impeached for what, having created the greatest Economy in the history of our Country, building our strongest ever… https://t.co/2DgE4OeFiy",1182142030325129217
Thu Oct 10 01:55:32 +0000 2019,Donald J. Trump,2019-10-23 14:22:28.928555,11302,A different take! https://t.co/XKnQ6XTF0k,1182112396837625857
Thu Oct 10 01:34:14 +0000 2019,Donald J. Trump,2019-10-23 14:22:28.928556,20772,“I don’t think it’s a Whistleblower at all. I think this is an anonymous source for the Democratic Staff in the Hou… https://t.co/G8QodnGwOf,1182107033874714624
Thu Oct 10 00:10:19 +0000 2019,Donald J. Trump,2019-10-23 14:22:28.928557,18397,https://t.co/I6VsoDIQQp,1182085917198241793
Wed Oct 09 23:30:16 +0000 2019,Donald J. Trump,2019-10-23 14:22:28.928558,30615,The hardest thing I have to do as President... https://t.co/6bzwh78I00,1182075837962690560
Wed Oct 09 18:12:21 +0000 2019,Donald J. Trump,2019-10-23 14:22:28.928560,28551,Sleepy Joe Biden! https://t.co/oZtytImXqq,1181995834369544198
Wed Oct 09 17:55:33 +0000 2019,Donald J. Trump,2019-10-23 14:22:28.928561,26385,"So pathetic to see Sleepy Joe Biden, who with his son, Hunter, and to the detriment of the American Taxpayer, has r… https://t.co/bPBdBHnSzQ",1181991604493656064
Wed Oct 09 16:27:46 +0000 2019,Donald J. Trump,2019-10-23 14:22:28.928562,24240,"Only 25 percent want the President Impeached, which is pretty low considering the volume of Fake News coverage, but… https://t.co/QKE74kOcAA",1181969511697788928
Wed Oct 09 16:22:50 +0000 2019,Donald J. Trump,2019-10-23 14:22:28.928563,17479,So why is someone a good or great President if they needed to Spy on someone else’s Campaign in order to win (that… https://t.co/wCGbhZFBWl,1181968273333719041
Wed Oct 09 14:32:04 +0000 2019,Donald J. Trump,2019-10-23 14:22:28.928564,11862,"....DACA stand, with all of its negative legal implications, the Republicans and Democrats will have a DEAL to let… https://t.co/aXhYPbGgtj",1181940394604535809
Wed Oct 09 14:32:03 +0000 2019,Donald J. Trump,2019-10-23 14:22:28.928566,15523,"President Obama said that he did not have the right to sign DACA, that it will never hold up in court. He signed it… https://t.co/sG8Rg0bpqI",1181940389990805504
Wed Oct 09 14:10:41 +0000 2019,Donald J. Trump,2019-10-23 14:22:28.928567,25339,Crooked Hillary should try it again! https://t.co/UjfIpZp1FA,1181935014709202947
Wed Oct 09 14:07:38 +0000 2019,Donald J. Trump,2019-10-23 14:22:28.928568,8899,True. Should have never been there in the first place! https://t.co/kVXtpB23Wy,1181934246111404032
Wed Oct 09 14:06:04 +0000 2019,Donald J. Trump,2019-10-23 14:22:28.928569,10606,"Why doesn’t the ICIG do something about this Scam? He should have never let it start, a Dem Hoax! https://t.co/UCbObppWbA",1181933850991235073
Wed Oct 09 14:02:13 +0000 2019,Donald J. Trump,2019-10-23 14:22:28.928570,15463,Adam Schiff is a disgrace to our Country! https://t.co/4pM3j1GLev,1181932884694839296
Wed Oct 09 13:59:32 +0000 2019,Donald J. Trump,2019-10-23 14:22:28.928572,9840,"So true Don, and this was a big lie. Look what happened to Friends of Trump, for less. Can’t let this pass! https://t.co/u2To514DNq",1181932207767789571
Wed Oct 09 13:51:14 +0000 2019,Donald J. Trump,2019-10-23 14:22:28.928573,8763,"But we are now, for the first time, giving companies a better alternative! https://t.co/jJFKywyIGw",1181930118828175363
Wed Oct 09 13:49:45 +0000 2019,Donald J. Trump,2019-10-23 14:22:28.928574,9904,"Great support from GOP in fighting the Radical Left, Do Nothing Democrats! https://t.co/qjskHYkQpD",1181929745518403585
Wed Oct 09 13:47:18 +0000 2019,Donald J. Trump,2019-10-23 14:22:28.928575,7874,"They don’t have a clue, but I do. The USA is doing great despite the Fed! https://t.co/85aW2YGehY",1181929128976670724
Wed Oct 09 12:43:45 +0000 2019,Donald J. Trump,2019-10-23 14:22:28.928577,12726,"....No Pressure at all said Ukraine! Very congenial, a perfect call. The Whistleblower and others spoke BEFORE seei… https://t.co/jE5Kk0kD1j",1181913137483829250
Wed Oct 09 12:43:45 +0000 2019,Donald J. Trump,2019-10-23 14:22:28.928578,20690,"The so-called Whistleblower, before knowing I was going to release the exact Transcript, stated that my call with t… https://t.co/6Ilmmb4Yom",1181913136074502144
Wed Oct 09 12:22:04 +0000 2019,Donald J. Trump,2019-10-23 14:22:28.928579,16767,"The Do Nothing Democrats are Con Artists, only looking to hurt the Republican Party and President. Their total focu… https://t.co/YuVNz2ygkZ",1181907681512169472
Wed Oct 09 12:14:03 +0000 2019,Donald J. Trump,2019-10-23 14:22:28.928580,19772,"....IN THE HISTORY OF OUR COUNTRY! We went to war under a false &amp; now disproven premise, WEAPONS OF MASS DESTRUCTIO… https://t.co/thTqsHSXlU",1181905661300559872
Wed Oct 09 12:14:02 +0000 2019,Donald J. Trump,2019-10-23 14:22:28.928581,27706,The United States has spent EIGHT TRILLION DOLLARS fighting and policing in the Middle East. Thousands of our Great… https://t.co/J0459vSCtA,1181905659568283648
Wed Oct 09 11:36:10 +0000 2019,Donald J. Trump,2019-10-23 14:22:28.928583,16446,Fighting between various groups that has been going on for hundreds of years. USA should never have been in Middle… https://t.co/5xzUJViUG7,1181896127471333381
Wed Oct 09 11:17:12 +0000 2019,Donald J. Trump,2019-10-23 14:22:28.928584,14244,"So make all Member Countries pay, not just the United States! https://t.co/IVbE4MqBVl",1181891356274413570
Wed Oct 09 11:14:30 +0000 2019,Donald J. Trump,2019-10-23 14:22:28.928585,13026,He should be Impeached for Fraud! https://t.co/lu3xKFQaON,1181890675375259653
Wed Oct 09 11:10:14 +0000 2019,Donald J. Trump,2019-10-23 14:22:28.928586,11302,.....The Whistleblower’s lawyer is a big Democrat. The Whistleblower has ties to one of my DEMOCRAT OPPONENTS. Why… https://t.co/sotF5lCZDI,1181889603516665857
Wed Oct 09 11:10:14 +0000 2019,Donald J. Trump,2019-10-23 14:22:28.928587,12759,"The Whistleblower’s facts have been so incorrect about my “no pressure” conversation with the Ukrainian President,… https://t.co/q1Yo0jnGlx",1181889601914454016
Wed Oct 09 10:47:43 +0000 2019,Donald J. Trump,2019-10-23 14:22:28.928589,12458,"A Total Scam by the Do Nothing Democrats. For the good of the Country, this Wirch Hunt should end now! https://t.co/G2nPapozye",1181883934776401920
Wed Oct 09 04:28:47 +0000 2019,Donald J. Trump,2019-10-23 14:22:28.928590,15811,So amazing! https://t.co/UG3DaSkmUc,1181788575861547008
Wed Oct 09 03:19:34 +0000 2019,Donald J. Trump,2019-10-23 14:22:28.928591,11344,https://t.co/ap9wN7wkj6,1181771156203986946
Wed Oct 09 03:16:04 +0000 2019,Donald J. Trump,2019-10-23 14:22:28.928592,10445,https://t.co/jZLa4vWXAZ,1181770276188631041
Wed Oct 09 02:39:23 +0000 2019,Donald J. Trump,2019-10-23 14:22:28.928593,22870,"Wow, Just Breaking: “The (big deal) Whistleblower had a ‘PROFESSIONAL TIE’ to 2020 Democratic Candidate.” Washingto… https://t.co/8u91jhLvdL",1181761045486080002
Wed Oct 09 02:15:19 +0000 2019,Donald J. Trump,2019-10-23 14:22:28.928594,13242,"“Bob Mueller was pursuing the FBI Director job when he met with President Trump in 2017, Administration officials s… https://t.co/JZsku62RmY",1181754987141124098
Wed Oct 09 02:00:39 +0000 2019,Donald J. Trump,2019-10-23 14:22:28.928596,11914,The Greatest Witch Hunt in the history of the USA! https://t.co/6FW11oLBv3,1181751294693969920
Wed Oct 09 01:57:35 +0000 2019,Donald J. Trump,2019-10-23 14:22:28.928597,21886,Gasoline Prices in the State of California are MUCH HIGHER than anywhere else in the Nation ($2.50 vs. $4.50). I gu… https://t.co/HK3QJCIwqz,1181750525596983296
Wed Oct 09 01:43:15 +0000 2019,Donald J. Trump,2019-10-23 14:22:28.928598,10909,"....If there is a Runoff in Louisiana, you will have a great new Republican Governor who will Cut your Taxes and Ca… https://t.co/k2MjEi0AzB",1181746918474440705
Wed Oct 09 01:43:15 +0000 2019,Donald J. Trump,2019-10-23 14:22:28.928599,14095,"Big Rally in Louisiana on Friday night. Must force a runoff with a Liberal Democrat Governor, John Bel Edwards, who… https://t.co/caYQNV2rEQ",1181746916981379072
Tue Oct 08 22:28:56 +0000 2019,Donald J. Trump,2019-10-23 14:22:28.928600,19245,"This is just the beginning, thank you to @ByronYork! https://t.co/1ceplqe5MZ",1181698015423275010
Tue Oct 08 18:54:45 +0000 2019,Donald J. Trump,2019-10-23 14:22:28.928602,17621,The U.S. Border is SECURE! https://t.co/h9EPUPL1uS,1181644113092980737
Tue Oct 08 18:40:40 +0000 2019,Donald J. Trump,2019-10-23 14:22:28.928603,16632,"....In fact, the “Cops For Trump” T-shirt Web Site CRASHED because of incredible volume, but is now back up and run… https://t.co/ViBGfbd5bU",1181640571334647814
Tue Oct 08 18:40:38 +0000 2019,Donald J. Trump,2019-10-23 14:22:28.928604,19960,"Radical Left Dem Mayor of Minneapolis, Jacob Frey, is doing everything possible to stifle Free Speech despite a rec… https://t.co/iYbQlIajvw",1181640563696820224
Tue Oct 08 17:30:50 +0000 2019,Donald J. Trump,2019-10-23 14:22:28.928605,13598,Friday night in Louisiana will be Great. Big crowd expected. Republicans must get out and vote for either of our tw… https://t.co/32ODeKyBYa,1181622998228508672
Tue Oct 08 16:06:26 +0000 2019,Donald J. Trump,2019-10-23 14:22:28.928606,25611,Hasn’t Adam Schiff been fully discredited by now? Do we have to continue listening to his lies?,1181601756347797505
Tue Oct 08 15:06:17 +0000 2019,Donald J. Trump,2019-10-23 14:22:28.928608,13950,https://t.co/bh1FyxfUiA,1181586618983034880
Tue Oct 08 14:35:57 +0000 2019,Donald J. Trump,2019-10-23 14:22:28.928609,13208,"Get your great T-Shirts, “Cops for Trump,” at https://t.co/pmhDDXsIlx  REALLY NICE! Thank you to Minneapolis Police… https://t.co/34pPVxdxb5",1181578987191095298
Tue Oct 08 14:31:08 +0000 2019,Donald J. Trump,2019-10-23 14:22:28.928611,22013,Someone please tell the Radical Left Mayor of Minneapolis that he can’t price out Free Speech. Probably illegal! I… https://t.co/KAncmV8QwQ,1181577775246905344
Tue Oct 08 14:25:06 +0000 2019,Donald J. Trump,2019-10-23 14:22:28.928612,15891,Thank you to Lt. Bob Kroll of the great Minneapolis Police Department for your kind words on @foxandfriends. The Po… https://t.co/5XSdJ5uofn,1181576256904744964
Tue Oct 08 14:06:29 +0000 2019,Donald J. Trump,2019-10-23 14:22:28.928613,32570,I think that Crooked Hillary Clinton should enter the race to try and steal it away from Uber Left Elizabeth Warren… https://t.co/KwhW2ge0Kp,1181571571787403265
Tue Oct 08 13:23:35 +0000 2019,Donald J. Trump,2019-10-23 14:22:28.928614,15033,"....to see. Importantly, Ambassador Sondland’s tweet, which few report, stated, “I believe you are incorrect about… https://t.co/4qtYbM0kH6",1181560772255719424
Tue Oct 08 13:23:19 +0000 2019,Donald J. Trump,2019-10-23 14:22:28.928615,20780,"I would love to send Ambassador Sondland, a really good man and great American, to testify, but unfortunately he wo… https://t.co/xMUw9y9qiC",1181560708808486914
Tue Oct 08 12:55:13 +0000 2019,Donald J. Trump,2019-10-23 14:22:28.928617,12547,"....understands that while we only had 50 soldiers remaining in that section of Syria, and they have been removed,… https://t.co/KnSfzsQ93i",1181553636444426240
Tue Oct 08 12:55:12 +0000 2019,Donald J. Trump,2019-10-23 14:22:28.928618,16478,"We may be in the process of leaving Syria, but in no way have we Abandoned the Kurds, who are special people and wo… https://t.co/QEKEoMC8En",1181553630354259968
Tue Oct 08 12:30:11 +0000 2019,Donald J. Trump,2019-10-23 14:22:28.928619,11712,".....good health, at my request, Pastor Brunson, who had many years of a long prison term remaining. Also remember,… https://t.co/ZRyFqxATin",1181547333990916097
Tue Oct 08 12:30:10 +0000 2019,Donald J. Trump,2019-10-23 14:22:28.928620,14719,"So many people conveniently forget that Turkey is a big trading partner of the United States, in fact they make the… https://t.co/8hZwfMQNQs",1181547331822456832
Tue Oct 08 12:10:17 +0000 2019,Donald J. Trump,2019-10-23 14:22:28.928621,19923,"The lightweight mayor is hurting the great police and other wonderful supporters. 72,000 ticket requests already. D… https://t.co/TrGkbxq7jA",1181542327711600642
Tue Oct 08 12:03:30 +0000 2019,Donald J. Trump,2019-10-23 14:22:28.928623,8857,Thank you Joni! https://t.co/1DoUqOvOpp,1181540621066092549
Tue Oct 08 04:13:31 +0000 2019,Donald J. Trump,2019-10-23 14:22:28.928624,19814,Adam should be Impeached! https://t.co/q7YRUWsJxy,1181422346697138176
Tue Oct 08 04:11:10 +0000 2019,Donald J. Trump,2019-10-23 14:22:28.928626,7027,Great book! https://t.co/i6GwghuEsU,1181421753286959104
Tue Oct 08 03:52:37 +0000 2019,Donald J. Trump,2019-10-23 14:22:28.928627,15579,"“There are no felonies, there are no Impeachable offenses. The Constitution’s very clear that you need bribery, tre… https://t.co/BOFLz0tDvf",1181417086851125248
Mon Oct 07 21:54:13 +0000 2019,Donald J. Trump,2019-10-23 14:22:28.928628,26451,https://t.co/4zENOQPQ11,1181326889480282112
Mon Oct 07 16:52:40 +0000 2019,Donald J. Trump,2019-10-23 14:22:28.928629,17990,Thank you @HeyTammyBruce! https://t.co/WYtJQmWv26,1181251003129180166
Mon Oct 07 16:48:06 +0000 2019,Donald J. Trump,2019-10-23 14:22:28.928630,14124,"""The Truth About Impeachment""
@SteveHiltonx @NextRevFNC https://t.co/3Pe2zClfUK",1181249853801877508
Mon Oct 07 15:38:09 +0000 2019,Donald J. Trump,2019-10-23 14:22:28.928632,19407,"....the captured ISIS fighters and families. The U.S. has done far more than anyone could have ever expected, inclu… https://t.co/Zb51wQ2qQC",1181232251390042118
Mon Oct 07 15:38:09 +0000 2019,Donald J. Trump,2019-10-23 14:22:28.928633,40623,"As I have stated strongly before, and just to reiterate, if Turkey does anything that I, in my great and unmatched… https://t.co/tNjd9bRijx",1181232249821388801
Mon Oct 07 15:20:49 +0000 2019,Donald J. Trump,2019-10-23 14:22:28.928634,15852,"....down, watching over a quagmire, &amp; spending big dollars to do so. When I took over, our Military was totally dep… https://t.co/7bmmC4qSb9",1181227887543894016
Mon Oct 07 15:20:48 +0000 2019,Donald J. Trump,2019-10-23 14:22:28.928635,21393,"I was elected on getting out of these ridiculous endless wars, where our great Military functions as a policing ope… https://t.co/uZgLPFGctA",1181227885841002496
Mon Oct 07 14:20:26 +0000 2019,Donald J. Trump,2019-10-23 14:22:28.928636,19073,"The Radical Left Democrats have failed on all fronts, so now they are pushing local New York City and State Democra… https://t.co/Dfjf0WD7HW",1181212691203084289
Mon Oct 07 14:01:05 +0000 2019,Donald J. Trump,2019-10-23 14:22:28.928638,11973,"....doesn’t even include the almost $2000 that the families got from the Trump Tax Cut.” Stephen Moore, Freedomwork… https://t.co/AxC4iODyUF",1181207822039683079
Mon Oct 07 14:01:04 +0000 2019,Donald J. Trump,2019-10-23 14:22:28.928639,18322,"Heritage Foundation “These numbers are blockbusters. Just since Donald Trump took office, Median Family Incomrs are… https://t.co/b9r3388d06",1181207817715421184
Mon Oct 07 13:38:21 +0000 2019,Donald J. Trump,2019-10-23 14:22:28.928640,14821,"“Incomes much higher under Trump than Bush, Obama.” @foxandfriends And almost everything else is better also (excep… https://t.co/YMGoA7dSv4",1181202101327843329
Mon Oct 07 12:04:45 +0000 2019,Donald J. Trump,2019-10-23 14:22:28.928641,17131,“IG: DECLASSIFIED INFORMATION CONTRADICTS THE WHISTLEBLOWER.” @foxandfriends  But why are people surprised? The “pa… https://t.co/xFVp4OCD8w,1181178546150092800
Mon Oct 07 11:51:43 +0000 2019,Donald J. Trump,2019-10-23 14:22:28.928642,18561,We just WON the big court case on Net Neutrality Rules! A great win for the future and speed of the internet. Will… https://t.co/0ZHUgiEpOT,1181175266409889793
Mon Oct 07 11:40:36 +0000 2019,Donald J. Trump,2019-10-23 14:22:28.928644,15952,"...figure the situation out, and what they want to do with the captured ISIS fighters in their “neighborhood.” They… https://t.co/MG7qGA3UXU",1181172467676565505
Mon Oct 07 11:40:35 +0000 2019,Donald J. Trump,2019-10-23 14:22:28.928645,16261,"....almost 3 years, but it is time for us to get out of these ridiculous Endless Wars, many of them tribal, and bri… https://t.co/jTM8fgA9hR",1181172465772482563
Mon Oct 07 11:40:34 +0000 2019,Donald J. Trump,2019-10-23 14:22:28.928646,8024,".....again said “NO,” thinking, as usual, that the U.S. is always the “sucker,” on NATO, on Trade, on everything. T… https://t.co/hLOcwGeJGO",1181172462291243008
Mon Oct 07 11:40:34 +0000 2019,Donald J. Trump,2019-10-23 14:22:28.928647,7344,"....including capturing thousands of ISIS fighters, mostly from Europe. But Europe did not want them back, they sai… https://t.co/6O23gZ1kSs",1181172459325800448
Mon Oct 07 11:40:33 +0000 2019,Donald J. Trump,2019-10-23 14:22:28.928648,21306,"The United States was supposed to be in Syria for 30 days, that was many years ago. We stayed and got deeper and de… https://t.co/1jkgAxrqRi",1181172457811697664
Mon Oct 07 02:27:50 +0000 2019,Donald J. Trump,2019-10-23 14:22:28.928650,27359,"....This makes Nervous Nancy every bit as guilty as Liddle’ Adam Schiff for High Crimes and Misdemeanors, and even… https://t.co/bGLtSrXqB1",1181033360241709056
Mon Oct 07 02:27:49 +0000 2019,Donald J. Trump,2019-10-23 14:22:28.928651,28899,Nancy Pelosi knew of all of the many Shifty Adam Schiff lies and massive frauds perpetrated upon Congress and the A… https://t.co/jhoHJnCe8W,1181033358794661889
Sun Oct 06 23:54:51 +0000 2019,Donald J. Trump,2019-10-23 14:22:28.928652,20110,".@60Minutes “forgot” to report that we are helping the great farmers of the USA to the tune of 28 Billion Dollars,… https://t.co/hKE1p8ggdi",1180994860188360704
Sun Oct 06 23:39:08 +0000 2019,Donald J. Trump,2019-10-23 14:22:28.928653,34551,"Unemployment Rate just dropped to 3.5%, the lowest in more that 50 years. Is that an impeachable event for your President?",1180990908000559104
Sun Oct 06 23:35:53 +0000 2019,Donald J. Trump,2019-10-23 14:22:28.928654,12396,"Gerry Baker of @WSJatLarge  “Do you think what you’ve seen rises to the level of impeachment?” Ken Starr, Clinton S… https://t.co/CCJKag9PRl",1180990087749935105
Sun Oct 06 23:25:10 +0000 2019,Donald J. Trump,2019-10-23 14:22:28.928656,17516,Sleepy Eyes Chuck Todd of “Meet the Press” had a total meltdown in his interview with highly reaspected Senator… https://t.co/j0usm2hmAn,1180987393115074560
Sun Oct 06 23:22:17 +0000 2019,Donald J. Trump,2019-10-23 14:22:28.928657,13400,"Join me at the Target Center in Minneapolis, Minnesota this Thursday, October 10th at 7:00pm! Tickets:… https://t.co/Y0JKKtFtsk",1180986664912588802
Sun Oct 06 23:05:39 +0000 2019,Donald J. Trump,2019-10-23 14:22:28.928658,14541,"Good job, I must say, by Bob Woodward on “Deface the Nation.” The CBS no name host(ess), and other guest, Peter Bak… https://t.co/bn0vwftqbI",1180982480083570688
Sun Oct 06 22:03:03 +0000 2019,Donald J. Trump,2019-10-23 14:22:28.928659,19326,Democrat lawyer is same for both Whistleblowers? All support Obama and Crooked Hillary. Witch Hunt! https://t.co/KL78g24AXx,1180966726227386368
Sun Oct 06 20:13:55 +0000 2019,Donald J. Trump,2019-10-23 14:22:28.928661,31773,DRAIN THE SWAMP!,1180939260146470912
Sun Oct 06 20:13:33 +0000 2019,Donald J. Trump,2019-10-23 14:22:28.928662,18258,"Will be in Minnesota on Thursday night. Massive response, crowd and enthusiasm (actually, all over the Country) wil… https://t.co/4Im94qqPpY",1180939171755630599
Sun Oct 06 19:19:30 +0000 2019,Donald J. Trump,2019-10-23 14:22:28.928663,12753,https://t.co/Xsk50hrvvW,1180925566951788545
Sun Oct 06 19:17:54 +0000 2019,Donald J. Trump,2019-10-23 14:22:28.928664,12465,https://t.co/Q6LzFFTLyX,1180925164080582657
Sun Oct 06 17:37:41 +0000 2019,Donald J. Trump,2019-10-23 14:22:28.928665,17104,"Going to Louisiana on Friday night for a big Republican Rally. Keep Democrat Governor Edwards under 50%, force a ru… https://t.co/rtbufGufk9",1180899945701879808
Sun Oct 06 16:56:47 +0000 2019,Donald J. Trump,2019-10-23 14:22:28.928667,20019,#DONOTHINGDEMOCRATS,1180889650333917190
Sun Oct 06 16:42:26 +0000 2019,Donald J. Trump,2019-10-23 14:22:28.928668,17889,"....And by the way, I would LOVE running against 1% Joe Biden - I just don’t think it’s going to happen. Sleepy Joe… https://t.co/vow8V54nrG",1180886040791388161
Sun Oct 06 16:42:26 +0000 2019,Donald J. Trump,2019-10-23 14:22:28.928669,29150,"The Biden family was PAID OFF, pure and simple! The fake news must stop making excuses for something that is totall… https://t.co/hX8ljpFBHS",1180886039801602048
Sun Oct 06 14:58:32 +0000 2019,Donald J. Trump,2019-10-23 14:22:28.928670,19533,....and separately got 1.5 Billion Dollars from China despite no experience and for no apparent reason. There is NO… https://t.co/gXuhg5s342,1180859894003572736
Sun Oct 06 14:58:31 +0000 2019,Donald J. Trump,2019-10-23 14:22:28.928671,24236,It is INCREDIBLE to watch and read the Fake News and how they pull out all stops to protect Sleepy Joe Biden and hi… https://t.co/q1NjVqTidG,1180859889381466113
Sun Oct 06 13:25:38 +0000 2019,Donald J. Trump,2019-10-23 14:22:28.928673,18896,"The Democrats are lucky that they don’t have any Mitt Romney types. They may be lousy politicians, with really bad… https://t.co/r3gjpIhMj5",1180836514743357440
Sun Oct 06 13:24:32 +0000 2019,Donald J. Trump,2019-10-23 14:22:28.928674,24505,95% Approval Rating in Republican Party. Thank you!,1180836237239816192
Sun Oct 06 13:21:45 +0000 2019,Donald J. Trump,2019-10-23 14:22:28.928675,16846,The Do Nothing Democrats are being exposed! https://t.co/Z5G5oEQOqs,1180835536086470656
Sun Oct 06 13:14:00 +0000 2019,Donald J. Trump,2019-10-23 14:22:28.928676,17817,The great Scam is being revealed! https://t.co/Ny429UTVUn,1180833586380972034
Sun Oct 06 02:12:50 +0000 2019,Donald J. Trump,2019-10-23 14:22:28.928678,18607,https://t.co/uElgSLSoJ8,1180667198093824001
Sun Oct 06 02:01:49 +0000 2019,Donald J. Trump,2019-10-23 14:22:28.928679,11199,https://t.co/UBsZoZb20g,1180664424375435265
